91,-0.7,25,166,1
104,-1.38,29,167,1
110,-1.84,25,168,1
109,-1.83,28,169,1
109,-1.66,28,170,1
108,-1.19,25,171,1
105,-0.77,27,172,1
103,-0.35,32,173,1
94,0.12,27,174,1
87,0.59,27,175,1
78,1.19,27,176,1
74,1.73,28,177,1
77,2.22,33,178,1
79,2.89,33,179,1
89,3.6,33,180,1
99,4.29,30,181,1
106,4.84,29,182,1
107,5.43,27,183,1
103,5.94,33,184,1
92,6.46,27,185,2
84,7.03,31,186,2
77,7.65,29,187,2
75,8.28,29,188,2
77,8.91,34,189,2
84,9.62,36,190,2
98,10.36,33,191,2
103,11.06,30,192,2
110,11.55,30,193,2
109,12.11,31,194,2
99,12.68,33,195,3
87,13.25,32,196,3
79,13.89,29,197,3
76,14.49,33,198,3
78,15.18,35,199,3
82,15.9,37,200,3
96,16.67,37,201,3
103,17.41,34,202,3
112,17.89,30,203,3
109,18.47,30,204,3
102,18.99,36,205,4
89,19.58,33,206,4
82,20.16,32,207,4
77,20.78,33,208,4
77,21.36,36,209,4
81,21.96,38,210,4
90,22.64,37,211,4
100,23.37,35,212,4
108,24.07,35,213,4
109,24.54,34,214,4
109,25.1,36,215,4
95,25.68,33,216,5
86,26.21,36,217,5
80,26.86,34,218,5
80,27.44,35,219,5
81,28.09,40,220,5
89,28.79,40,221,5
100,29.49,38,222,5
107,30.23,35,223,5
111,30.8,35,224,5
110,31.29,36,225,5
101,31.62,36,226,6
94,32.01,35,227,6
86,32.51,37,228,6
82,33.05,34,229,6
78,33.59,35,230,6
79,34.09,39,231,6
83,34.68,41,232,6
96,35.41,40,233,6
105,36.08,37,234,6
111,36.64,35,235,6
113,37.15,37,236,6
112,37.64,38,237,6
101,38.13,31,238,7
91,38.46,37,239,7
87,38.81,38,240,7
80,39.27,36,241,7
80,39.79,38,242,7
82,40.35,41,243,7
85,40.96,37,244,7
95,41.6,42,245,7
105,42.27,41,246,7
113,42.8,38,247,7
115,43.25,38,248,7
114,43.76,40,249,7
106,44.26,34,250,8
95,44.68,40,251,8
86,45.11,38,252,8
82,45.65,39,253,8
80,46.09,34,254,8
82,46.55,37,255,8
84,47.08,39,256,8
93,47.68,38,257,8
103,48.26,38,258,8
110,48.93,39,259,8
117,49.43,40,260,8
116,49.94,33,261,8
110,50.46,38,262,9
97,50.85,32,263,9
92,51.29,34,264,9
85,51.84,33,265,9
82,52.36,35,266,9
81,52.86,43,267,9
85,53.43,40,268,9
94,53.99,39,269,9
102,54.57,40,270,9
110,55.12,42,271,9
117,56.26,34,272,9
116,56.75,42,273,10
103,57.09,30,274,10
98,57.37,41,275,10
93,57.77,33,276,10
88,58.18,36,277,10
84,58.61,37,278,10
83,59.09,43,279,10
86,59.6,38,280,10
88,60.06,38,281,10
96,60.61,39,282,10
104,61.21,37,283,10
113,61.69,42,284,10
119,62.08,37,285,10
118,62.6,34,286,10
115,63.07,43,287,11
104,63.59,33,288,11
95,63.95,37,289,11
91,64.33,39,290,11
85,64.74,37,291,11
84,65.17,36,292,11
86,65.65,41,293,11
87,66.11,41,294,11
92,66.66,40,295,11
102,67.23,40,296,11
109,67.85,36,297,11
116,68.31,36,298,11
119,68.68,35,299,11
118,69.08,34,300,11
115,69.47,41,301,12
106,69.76,35,302,12
100,69.95,44,303,12
96,70.26,36,304,12
91,70.61,39,305,12
87,71.01,36,306,12
84,71.43,37,307,12
83,71.85,41,308,12
86,72.3,42,309,12
91,72.81,42,310,12
101,73.4,42,311,12
107,73.94,39,312,12
114,74.44,40,313,12
120,74.83,38,314,12
120,75.23,37,315,12
116,75.64,37,316,13
112,75.95,40,317,13
105,76.17,34,318,13
101,76.52,40,319,13
93,77.14,39,320,13
87,77.59,38,321,13
86,78.02,39,322,13
85,78.47,42,323,13
90,78.94,44,324,13
96,79.48,44,325,13
104,80,43,326,13
112,80.5,40,327,13
119,80.97,39,328,13
121,81.45,39,329,13
120,81.95,40,330,14
113,82.38,42,331,14
101,82.77,42,332,14
97,83.21,39,333,14
90,83.68,40,334,14
87,84.08,40,335,14
88,84.53,43,336,14
88,85,44,337,14
93,85.5,45,338,14
101,86.11,45,339,14
110,86.73,41,340,14
117,87.25,42,341,14
122,87.54,41,342,14
123,88.06,38,343,15
118,88.58,43,344,15
106,88.97,37,345,15
100,89.34,42,346,15
94,89.8,43,347,15
90,90.27,41,348,15
87,90.79,43,349,15
90,91.25,45,350,15
93,91.75,47,351,15
101,92.22,45,352,15
109,92.8,45,353,15
115,93.31,42,354,15
122,93.68,40,355,15
123,94.08,41,356,15
123,94.49,41,357,16
118,94.92,46,358,16
108,95.26,41,359,16
101,95.67,45,360,16
94,96.26,43,361,16
89,96.74,45,362,16
89,97.24,46,363,16
91,97.79,47,364,16
98,98.32,46,365,16
107,98.86,47,366,16
114,99.46,44,367,16
121,99.98,43,368,16
124,100.39,42,369,16
123,100.92,42,370,17
116,101.35,47,371,17
108,101.75,44,372,17
100,102.21,43,373,17
95,102.73,43,374,17
89,103.16,44,375,17
90,103.59,47,376,17
91,104.02,49,377,17
96,104.63,50,378,17
106,105.2,48,379,17
116,105.71,45,380,17
121,106.21,44,381,17
126,106.68,45,382,17
125,107.31,45,383,18
118,107.85,48,384,18
106,108.27,47,385,18
100,108.77,45,386,18
94,109.28,45,387,18
90,109.74,46,388,18
92,110.21,49,389,18
93,110.77,51,390,18
102,111.29,50,391,18
110,111.82,49,392,18
117,112.41,46,393,18
123,112.93,45,394,18
126,113.38,46,395,19
125,113.83,46,396,19
118,114.35,48,397,19
107,114.83,47,398,19
99,115.36,47,399,19
92,115.9,48,400,19
93,116.39,50,401,19
94,117.05,52,402,19
104,117.74,52,403,19
114,118.4,50,404,19
125,118.92,49,405,19
128,119.36,47,406,19
127,119.91,48,407,20
121,120.47,51,408,20
111,120.83,47,409,20
101,121.26,48,410,20
96,121.8,48,411,20
91,122.36,47,412,20
93,122.86,51,413,20
98,123.45,53,414,20
106,124.13,52,415,20
118,124.75,50,416,20
127,125.26,50,417,20
133,125.73,45,418,21
128,126.25,48,419,21
122,126.73,51,420,21
111,127.08,50,421,21
102,127.61,50,422,21
97,128.17,48,423,21
90,128.64,51,424,21
92,129.04,53,425,21
95,129.5,55,426,21
101,130.08,56,427,21
113,130.64,53,428,21
123,131.32,53,429,21
129,131.86,49,430,21
129,132.4,48,431,22
126,132.93,52,432,22
115,133.34,49,433,22
105,133.77,52,434,22
99,134.37,51,435,22
93,134.81,53,436,22
94,135.21,52,437,22
96,135.71,55,438,22
98,136.27,57,439,22
110,136.87,56,440,22
120,137.47,54,441,22
126,138.06,51,442,22
131,138.6,49,443,23
129,139.01,52,444,23
124,139.47,54,445,23
112,140.03,54,446,23
103,140.53,54,447,23
94,141.15,54,448,23
95,141.62,56,449,23
95,142.14,57,450,23
100,142.78,58,451,23
112,143.41,57,452,23
123,143.96,54,453,23
128,144.46,53,454,23
131,145,52,455,24
129,145.5,53,456,24
123,146.06,56,457,24
107,146.55,55,458,24
101,147.12,53,459,24
95,147.69,54,460,24
96,148.19,57,461,24
98,148.9,60,462,24
109,149.66,59,463,24
121,150.44,55,464,24
129,151.05,54,465,25
133,151.63,53,466,25
129,152.04,57,467,25
122,152.46,55,468,25
109,152.92,57,469,25
103,153.36,56,470,25
95,154,57,471,25
98,154.53,57,472,25
98,155.16,59,473,25
107,155.79,60,474,25
121,156.38,60,475,25
128,156.98,56,476,25
133,157.43,54,477,26
132,158.04,55,478,26
130,158.5,58,479,26
117,158.81,52,480,26
110,159.18,59,481,26
103,159.72,57,482,26
97,160.33,57,483,26
98,160.81,60,484,26
98,161.3,62,485,26
106,161.9,61,486,26
118,162.6,61,487,26
127,163.1,57,488,26
133,163.65,57,489,27
132,164.27,58,490,27
130,164.8,61,491,27
117,165.2,55,492,27
111,165.55,59,493,27
104,166.04,57,494,27
98,166.55,58,495,27
98,166.99,60,496,27
99,167.48,61,497,27
103,168.09,63,498,27
115,168.72,62,499,27
124,169.33,59,500,27
132,169.83,59,501,28
135,170.24,57,502,28
134,170.76,58,503,28
130,171.23,63,504,28
118,171.64,58,505,28
111,172.14,62,506,28
104,172.65,57,507,28
98,173.04,59,508,28
100,173.4,63,509,28
101,173.89,63,510,28
106,174.41,64,511,28
115,174.88,64,512,28
124,175.37,62,513,28
128,175.84,59,514,28
134,176.22,58,515,29
135,176.66,59,516,29
134,177.14,59,517,29
128,177.55,63,518,29
119,178.07,59,519,29
108,178.47,60,520,29
103,178.94,60,521,29
98,179.3,58,522,29
99,179.56,64,523,29
101,179.97,63,524,29
105,180.5,66,525,29
112,181.05,65,526,29
122,181.56,65,527,29
127,182.1,61,528,29
133,182.51,59,529,30
136,182.77,60,530,30
136,183.19,60,531,30
135,183.59,61,532,30
129,184.07,65,533,30
119,184.33,61,534,30
114,184.69,61,535,30
106,185.14,61,536,30
102,185.41,63,537,30
99,185.75,63,538,30
101,186.12,66,539,30
105,186.55,67,540,30
111,187.01,66,541,30
121,187.55,68,542,30
127,188.09,62,543,30
133,188.59,62,544,31
137,188.99,62,545,31
135,189.48,63,546,31
134,189.89,64,547,31
125,190.31,63,548,31
116,190.7,65,549,31
111,191.18,64,550,31
102,191.59,65,551,31
101,192,64,552,31
102,192.35,69,553,31
105,192.83,66,554,31
113,193.32,67,555,31
122,193.91,68,556,31
129,194.41,64,557,31
135,194.88,64,558,32
137,195.24,63,559,32
138,195.63,63,560,32
136,196.13,66,561,32
128,196.56,63,562,32
121,196.97,67,563,32
113,197.41,66,564,32
106,197.78,65,565,32
103,198.08,63,566,32
102,198.4,69,567,32
105,198.76,69,568,32
106,199.2,69,569,32
114,199.68,69,570,32
123,200.19,69,571,32
127,200.69,66,572,32
132,201.18,66,573,33
137,201.63,64,574,33
138,202.06,66,575,33
136,202.46,64,576,33
130,202.89,69,577,33
123,203.15,63,578,33
116,203.48,66,579,33
112,203.9,67,580,33
106,204.36,65,581,33
103,204.69,64,582,33
104,205.06,70,583,33
105,205.46,71,584,33
112,205.94,69,585,33
121,206.45,70,586,33
129,206.95,70,587,33
134,207.41,67,588,34
140,207.86,65,589,34
141,208.25,66,590,34
139,208.61,65,591,34
134,208.99,70,592,34
129,209.34,68,593,34
120,209.63,72,594,34
116,210.01,66,595,34
109,210.42,65,596,34
105,210.84,68,597,34
104,211.23,70,598,34
104,211.61,70,599,34
108,212.03,72,600,34
117,212.59,71,601,34
127,213.16,72,602,34
131,213.68,68,603,35
137,214.12,67,604,35
139,214.5,70,605,35
138,214.89,69,606,35
137,215.37,70,607,35
130,215.69,68,608,35
123,215.93,72,609,35
117,216.2,68,610,35
114,216.62,71,611,35
107,217.01,70,612,35
105,217.32,67,613,35
105,217.73,72,614,35
107,218.06,73,615,35
110,218.46,73,616,35
117,218.89,72,617,35
125,219.35,73,618,35
130,219.77,71,619,35
133,220.22,70,620,36
139,220.66,67,621,36
142,220.97,70,622,36
141,221.33,70,623,36
139,221.75,71,624,36
129,222.04,70,625,36
124,222.31,71,626,36
117,222.61,70,627,36
114,223.04,70,628,36
106,223.51,72,629,36
105,223.82,70,630,36
108,224.24,73,631,36
109,224.7,75,632,36
116,225.16,74,633,36
126,225.64,74,634,36
131,226.14,72,635,36
135,226.54,72,636,37
140,226.95,69,637,37
142,227.37,71,638,37
142,227.71,70,639,37
139,228.13,72,640,37
129,228.54,71,641,37
123,228.96,74,642,37
114,229.39,72,643,37
109,229.81,72,644,37
105,230.19,71,645,37
107,230.62,75,646,37
109,231.12,76,647,37
117,231.68,76,648,37
128,232.21,75,649,37
135,232.71,71,650,38
142,233.1,72,651,38
143,233.55,70,652,38
142,233.98,73,653,38
141,234.53,74,654,38
132,234.9,72,655,38
124,235.24,75,656,38
114,235.71,73,657,38
112,236.18,71,658,38
106,236.64,73,659,38
107,237.1,77,660,38
111,237.68,77,661,38
123,238.28,77,662,38
131,238.79,77,663,39
136,239.33,71,664,39
142,239.79,73,665,39
144,240.24,74,666,39
145,240.68,73,667,39
138,241.09,76,668,39
128,241.45,73,669,39
121,241.78,73,670,39
117,242.2,74,671,39
111,242.62,75,672,39
108,243.02,73,673,39
110,243.39,77,674,39
114,243.87,79,675,39
121,244.41,79,676,39
131,244.91,78,677,39
136,245.41,74,678,40
141,245.85,74,679,40
144,246.25,74,680,40
143,246.63,77,681,40
143,247.08,76,682,40
136,247.43,78,683,40
129,247.76,74,684,40
121,248.12,75,685,40
118,248.6,77,686,40
109,249.03,76,687,40
109,249.4,78,688,40
110,249.78,79,689,40
113,250.23,81,690,40
122,250.79,79,691,40
134,251.35,78,692,41
139,251.95,75,693,41
143,252.47,75,694,41
144,253.02,78,695,41
142,253.51,80,696,41
131,253.9,74,697,41
125,254.34,79,698,41
119,254.76,77,699,41
114,255.12,77,700,41
110,255.5,75,701,41
111,255.93,79,702,41
113,256.39,81,703,41
120,256.89,81,704,41
129,257.58,80,705,41
136,258.28,77,706,42
144,258.85,77,707,42
144,259.12,78,708,42
145,259.59,77,709,42
140,260.07,81,710,42
127,260.48,80,711,42
121,260.85,77,712,42
116,261.35,76,713,42
111,261.77,77,714,42
111,262.12,82,715,42
114,262.62,82,716,42
120,263.2,82,717,42
131,263.85,82,718,42
137,264.53,78,719,43
144,265.08,78,720,43
147,265.4,80,721,43
146,265.84,79,722,43
138,266.31,82,723,43
128,266.69,80,724,43
122,267.18,79,725,43
115,267.68,80,726,43
111,268.08,78,727,43
113,268.5,83,728,43
115,269.07,85,729,43
124,269.7,84,730,43
134,270.38,82,731,44
142,271.01,80,732,44
147,271.55,80,733,44
146,272.08,80,734,44
143,272.65,83,735,44
130,273.18,80,736,44
120,273.69,81,737,44
116,274.21,83,738,44
111,274.74,82,739,44
115,275.39,85,740,44
124,276.08,86,741,44
135,276.81,85,742,45
147,277.44,82,743,45
149,277.9,81,744,45
149,278.5,80,745,45
144,278.98,85,746,45
132,279.43,82,747,45
122,279.87,82,748,45
118,280.36,81,749,45
113,280.78,82,750,45
113,281.17,86,751,45
116,281.71,87,752,45
122,282.33,87,753,45
135,283.02,86,754,46
144,283.65,82,755,46
150,284.16,83,756,46
148,284.65,83,757,46
146,285.17,86,758,46
136,285.61,83,759,46
126,285.95,83,760,46
124,286.33,84,761,46
117,286.79,84,762,46
114,287.22,82,763,46
116,287.67,88,764,46
119,288.22,88,765,46
127,288.82,88,766,46
138,289.36,87,767,47
144,289.9,82,768,47
149,290.38,83,769,47
149,290.8,83,770,47
150,291.19,83,771,47
145,291.65,88,772,47
132,292.1,84,773,47
125,292.56,83,774,47
119,293.08,83,775,47
115,293.56,85,776,47
116,294.05,89,777,47
121,294.56,90,778,47
129,295.1,87,779,47
137,295.71,88,780,48
144,296.22,83,781,48
149,296.7,84,782,48
151,297.06,88,783,48
149,297.48,84,784,48
146,297.94,89,785,48
135,298.3,85,786,48
128,298.63,85,787,48
123,298.99,86,788,48
116,299.32,88,789,48
116,299.62,86,790,48
117,299.99,90,791,48
120,300.35,90,792,48
121,300.73,91,793,48
127,301.17,90,794,48
134,301.74,90,795,49
144,302.24,87,796,49
150,302.69,88,797,49
150,303.06,86,798,49
152,303.39,87,799,49
150,303.76,86,800,49
147,304.2,91,801,49
138,304.65,85,802,49
128,305.01,86,803,49
124,305.31,90,804,49
118,305.71,88,805,49
118,306.08,88,806,49
117,306.46,90,807,49
119,306.92,94,808,49
125,307.38,92,809,49
133,307.87,92,810,49
140,308.39,90,811,50
147,308.87,88,812,50
149,309.34,87,813,50
152,309.72,89,814,50
152,310,88,815,50
148,310.38,90,816,50
143,310.81,90,817,50
133,311.17,91,818,50
127,311.57,90,819,50
122,312.03,88,820,50
117,312.41,89,821,50
118,312.9,93,822,50
123,313.33,94,823,50
125,313.83,93,824,50
135,314.39,92,825,51
143,315.04,90,826,51
151,315.49,88,827,51
152,315.88,89,828,51
152,316.32,92,829,51
150,316.68,91,830,51
146,317.11,93,831,51
134,317.5,92,832,51
129,317.86,88,833,51
124,318.3,88,834,51
119,318.71,91,835,51
119,319.17,94,836,51
120,319.61,95,837,51
125,320.12,96,838,51
135,320.7,94,839,52
145,321.25,91,840,52
150,321.7,91,841,52
155,322.12,91,842,52
153,322.45,92,843,52
153,322.81,90,844,52
150,323.3,95,845,52
139,323.59,92,846,52
132,323.88,93,847,52
127,324.34,93,848,52
121,324.74,91,849,52
118,325.08,93,850,52
117,325.47,96,851,52
123,325.93,96,852,52
126,326.43,96,853,52
137,327.01,96,854,53
145,327.57,93,855,53
153,327.99,90,856,53
155,328.38,91,857,53
155,328.84,92,858,53
153,329.14,91,859,53
150,329.55,94,860,53
145,329.91,94,861,53
136,330.16,97,862,53
131,330.41,92,863,53
127,330.83,94,864,53
120,331.25,94,865,53
121,331.65,92,866,53
122,332.05,98,867,53
124,332.56,99,868,53
131,333.2,98,869,54
142,333.73,97,870,54
151,334.26,93,871,54
153,334.68,94,872,54
155,335.1,94,873,54
154,335.62,93,874,54
151,336.11,97,875,54
141,336.37,92,876,54
134,336.69,95,877,54
128,337.19,95,878,54
123,337.61,94,879,54
120,338.07,93,880,54
121,338.48,100,881,54
125,338.91,101,882,54
131,339.36,98,883,55
141,339.92,98,884,55
149,340.43,95,885,55
155,340.91,94,886,55
156,341.27,95,887,55
157,341.67,95,888,55
154,342.18,96,889,55
146,342.67,96,890,55
135,342.93,97,891,55
130,343.3,93,892,55
124,343.8,93,893,55
122,344.24,95,894,55
123,344.7,99,895,55
125,345.22,102,896,55
132,345.73,99,897,56
142,346.37,100,898,56
150,347.03,95,899,56
158,347.48,96,900,56
157,347.87,97,901,56
157,348.31,97,902,56
151,348.74,100,903,56
143,349.04,96,904,56
136,349.4,98,905,56
128,349.87,98,906,56
123,350.35,96,907,56
122,350.93,98,908,56
124,351.49,104,909,56
133,352.18,102,910,57
145,352.92,100,911,57
155,353.58,98,912,57
158,354.03,97,913,57
159,354.5,97,914,57
155,354.92,99,915,57
148,355.3,100,916,57
139,355.65,99,917,57
131,355.97,99,918,57
126,356.48,97,919,57
122,357.1,100,920,57
124,357.71,104,921,57
129,358.31,103,922,58
142,358.9,102,923,58
151,359.4,100,924,58
156,359.88,97,925,58
158,360.26,99,926,58
158,360.61,101,927,58
156,361.06,101,928,58
152,361.35,103,929,58
145,361.6,98,930,58
137,361.86,101,931,58
133,362.15,99,932,58
129,362.54,99,933,58
125,362.93,102,934,58
123,363.41,99,935,58
125,363.88,105,936,58
129,364.39,106,937,58
137,364.91,102,938,59
147,365.49,103,939,59
153,366.11,99,940,59
157,366.57,102,941,59
159,366.98,102,942,59
158,367.37,100,943,59
152,367.69,104,944,59
145,367.99,98,945,59
136,368.32,101,946,59
130,368.78,101,947,59
125,369.24,103,948,59
124,369.69,101,949,59
126,370.25,107,950,59
130,370.92,107,951,60
143,371.5,106,952,60
153,372.14,103,953,60
156,372.7,103,954,60
159,373.06,103,955,60
159,373.46,101,956,60
155,373.88,106,957,60
146,374.15,102,958,60
138,374.42,101,959,60
133,374.86,102,960,60
127,375.3,102,961,60
124,375.78,103,962,60
124,376.33,108,963,60
130,377,108,964,61
143,377.74,107,965,61
153,378.27,103,966,61
156,378.79,105,967,61
160,379.16,105,968,61
160,379.58,105,969,61
156,380.01,106,970,61
148,380.37,104,971,61
141,380.69,105,972,61
133,381.13,105,973,61
126,381.62,104,974,61
125,382.08,105,975,61
126,382.54,110,976,61
131,383.05,110,977,61
140,383.7,108,978,62
152,384.32,106,979,62
159,384.84,104,980,62
161,385.23,105,981,62
161,385.69,106,982,62
160,386.15,105,983,62
153,386.55,108,984,62
144,386.83,106,985,62
139,387.11,107,986,62
136,387.52,105,987,62
128,388.01,106,988,62
125,388.49,107,989,62
128,388.97,112,990,62
130,389.39,112,991,62
138,389.91,111,992,63
149,390.51,109,993,63
158,390.87,107,994,63
163,391.32,107,995,63
163,391.75,106,996,63
162,392.08,107,997,63
161,392.46,106,998,63
155,392.88,110,999,63
145,393.22,106,1000,63
137,393.53,104,1001,63
132,393.92,107,1002,63
127,394.31,110,1003,63
125,394.75,108,1004,63
127,395.2,112,1005,63
131,395.69,114,1006,63
138,396.21,111,1007,64
152,396.87,110,1008,64
157,397.4,107,1009,64
161,397.81,107,1010,64
162,398.21,108,1011,64
162,398.55,109,1012,64
159,398.93,110,1013,64
153,399.23,110,1014,64
145,399.57,110,1015,64
137,400,107,1016,64
130,400.47,106,1017,64
127,400.84,110,1018,64
126,401.22,113,1019,64
130,401.63,115,1020,64
133,402.2,115,1021,65
143,402.78,112,1022,65
154,403.39,110,1023,65
159,403.88,109,1024,65
162,404.33,109,1025,65
163,404.87,111,1026,65
158,405.38,113,1027,65
150,405.76,110,1028,65
142,406.18,111,1029,65
134,406.6,110,1030,65
129,407.06,111,1031,65
126,407.48,110,1032,65
128,407.93,115,1033,65
130,408.57,116,1034,66
142,409.07,115,1035,66
153,409.58,113,1036,66
159,410.13,110,1037,66
162,410.54,111,1038,66
165,410.92,111,1039,66
164,411.2,111,1040,66
161,411.58,113,1041,66
154,411.94,113,1042,66
144,412.29,112,1043,66
136,412.72,110,1044,66
131,413.19,110,1045,66
127,413.58,114,1046,66
127,413.95,117,1047,66
130,414.47,117,1048,66
136,415.07,118,1049,67
150,415.59,115,1050,67
158,416.06,113,1051,67
162,416.48,113,1052,67
165,416.83,111,1053,67
167,417.2,113,1054,67
163,417.61,113,1055,67
160,417.98,115,1056,67
151,418.42,112,1057,67
142,418.79,113,1058,67
136,419.21,113,1059,67
128,419.66,118,1060,67
128,420,115,1061,67
129,420.3,118,1062,67
131,420.72,120,1063,67
137,421.2,120,1064,68
147,421.75,116,1065,68
157,422.32,114,1066,68
163,422.78,114,1067,68
166,423.18,114,1068,68
165,423.53,114,1069,68
163,423.95,113,1070,68
157,424.47,117,1071,68
144,424.88,113,1072,68
137,425.25,113,1073,68
131,425.71,116,1074,68
128,426.08,118,1075,68
128,426.57,120,1076,68
130,427.05,122,1077,68
138,427.58,121,1078,69
151,428.11,118,1079,69
159,428.59,116,1080,69
164,429.07,115,1081,69
166,429.5,114,1082,69
166,429.84,116,1083,69
165,430.21,115,1084,69
163,430.58,118,1085,69
153,430.91,114,1086,69
145,431.33,115,1087,69
138,431.68,115,1088,69
132,432.16,117,1089,69
128,432.69,119,1090,69
131,433.19,123,1091,69
134,433.7,124,1092,70
145,434.25,120,1093,70
155,434.73,119,1094,70
163,435.15,117,1095,70
164,435.56,116,1096,70
167,435.92,116,1097,70
167,436.32,117,1098,70
164,436.68,118,1099,70
160,437.01,120,1100,70
152,437.33,116,1101,70
143,437.61,116,1102,70
139,438,118,1103,70
133,438.45,118,1104,70
129,438.89,120,1105,70
131,439.27,123,1106,70
132,439.73,125,1107,70
139,440.17,123,1108,71
147,440.74,121,1109,71
159,441.31,118,1110,71
163,441.84,118,1111,71
165,442.28,117,1112,71
167,442.71,118,1113,71
164,443.11,121,1114,71
160,443.41,121,1115,71
149,443.75,119,1116,71
139,444.23,118,1117,71
134,444.67,119,1118,71
128,445.06,123,1119,71
130,445.46,124,1120,71
131,445.92,127,1121,71
138,446.45,126,1122,72
148,447,123,1123,72
158,447.52,120,1124,72
164,448.06,119,1125,72
167,448.54,118,1126,72
169,448.83,120,1127,72
167,449.11,120,1128,72
165,449.33,121,1129,72
162,449.67,123,1130,72
152,450.04,121,1131,72
144,450.32,119,1132,72
139,450.65,121,1133,72
133,451.05,121,1134,72
129,451.36,125,1135,72
130,451.68,124,1136,72
131,452.04,127,1137,72
135,452.51,127,1138,73
142,453,125,1139,73
152,453.53,124,1140,73
162,454.1,121,1141,73
167,454.51,123,1142,73
168,454.88,121,1143,73
168,455.18,123,1144,73
167,455.56,123,1145,73
165,456,124,1146,73
156,456.33,120,1147,73
149,456.57,122,1148,73
142,456.89,119,1149,73
136,457.36,121,1150,73
131,457.72,127,1151,73
131,458.07,124,1152,73
132,458.42,128,1153,73
134,459,129,1154,74
143,459.5,128,1155,74
154,460.02,125,1156,74
163,460.54,123,1157,74
166,461,122,1158,74
170,461.35,121,1159,74
168,461.83,123,1160,74
165,462.15,123,1161,74
163,462.51,126,1162,74
154,462.81,123,1163,74
146,463.04,122,1164,74
139,463.31,124,1165,74
136,463.74,123,1166,74
132,464.01,127,1167,74
129,464.35,126,1168,74
132,464.73,130,1169,74
135,465.18,131,1170,75
141,465.6,129,1171,75
151,466.14,128,1172,75
159,466.64,125,1173,75
167,467.05,124,1174,75
170,467.45,124,1175,75
169,467.77,124,1176,75
171,468.18,124,1177,75
166,468.48,127,1178,75
163,468.93,128,1179,75
152,469.2,124,1180,75
147,469.41,122,1181,75
140,469.8,127,1182,75
135,470.2,127,1183,75
131,470.52,130,1184,75
130,470.96,130,1185,75
132,471.38,132,1186,76
137,471.76,132,1187,76
145,472.28,129,1188,76
156,472.84,128,1189,76
167,473.27,126,1190,76
171,473.67,127,1191,76
170,474.01,124,1192,76
171,474.21,126,1193,76
171,474.27,126,1194,76
171,474.23,125,1195,76
171,474.25,125,1196,76
169,474.26,126,1197,76
170,474.27,124,1198,76
171,474.26,124,1199,76
171,474.3,125,1200,76
169,474.47,125,1201,76
169,474.74,128,1202,76
165,475.03,129,1203,76
158,475.38,125,1204,76
148,475.78,125,1205,76
135,476.21,130,1206,76
135,476.67,128,1207,76
131,477.13,131,1208,76
130,477.45,133,1209,76
133,477.88,133,1210,77
141,478.22,134,1211,77
146,478.51,130,1212,77
155,478.8,130,1213,77
160,479.11,128,1214,77
165,479.51,127,1215,77
168,479.91,127,1216,77
171,480.17,127,1217,77
171,480.48,128,1218,77
170,480.8,129,1219,77
167,481.22,129,1220,77
164,481.36,130,1221,77
161,481.36,128,1222,77
160,481.45,129,1223,77
159,481.76,127,1224,77
151,482.09,128,1225,77
141,482.48,130,1226,77
133,482.82,131,1227,77
132,483.25,133,1228,77
134,483.61,132,1229,77
135,483.95,135,1230,78
138,484.3,134,1231,78
143,484.65,135,1232,78
149,485.03,131,1233,78
158,485.52,131,1234,78
165,485.95,129,1235,78
168,486.4,129,1236,78
169,486.72,128,1237,78
169,487.06,131,1238,78
168,487.4,128,1239,78
165,487.7,133,1240,78
161,488.02,129,1241,78
154,488.33,129,1242,78
146,488.67,127,1243,78
139,489.05,131,1244,78
132,489.38,135,1245,78
131,489.93,135,1246,78
135,490.41,135,1247,79
140,490.83,137,1248,79
145,491.24,135,1249,79
156,491.52,133,1250,79
161,491.89,131,1251,79
166,492.46,130,1252,79
167,493.02,130,1253,79
169,493.47,132,1254,79
168,493.92,131,1255,79
163,494.28,133,1256,79
157,494.65,130,1257,79
148,495.04,130,1258,79
138,495.57,130,1259,79
132,496.07,136,1260,79
134,496.58,135,1261,80
138,497.01,138,1262,80
145,497.46,136,1263,80
155,497.95,133,1264,80
163,498.46,133,1265,80
168,499,130,1266,80
168,499.44,131,1267,80
168,499.75,133,1268,80
167,500.1,133,1269,80
166,500.49,135,1270,80
161,500.85,134,1271,80
152,501.33,132,1272,80
143,501.88,131,1273,80
135,502.37,136,1274,80
134,502.98,133,1275,81
138,503.34,139,1276,81
142,503.69,138,1277,81
152,503.96,137,1278,81
155,504.37,136,1279,81
162,505.01,134,1280,81
169,505.47,133,1281,81
169,505.92,132,1282,81
169,506.27,135,1283,81
168,506.62,135,1284,81
167,506.93,135,1285,81
164,507.27,137,1286,81
156,507.64,132,1287,81
147,508.14,131,1288,81
138,508.7,135,1289,81
135,509.05,136,1290,82
137,509.43,137,1291,82
139,509.82,141,1292,82
144,510.25,139,1293,82
152,510.67,137,1294,82
160,511.01,136,1295,82
166,511.36,134,1296,82
168,511.91,133,1297,82
169,512.34,133,1298,82
168,512.68,137,1299,82
170,513.02,137,1300,82
166,513.41,137,1301,82
162,513.82,135,1302,82
153,514.23,135,1303,82
143,514.74,136,1304,82
137,515.37,137,1305,83
137,515.84,139,1306,83
140,516.41,142,1307,83
149,516.84,139,1308,83
159,517.07,139,1309,83
163,517.65,136,1310,83
167,518.03,133,1311,83
168,518.28,137,1312,83
168,518.65,135,1313,83
169,518.94,138,1314,83
168,519.25,138,1315,83
166,519.52,138,1316,83
165,519.87,141,1317,83
158,520.37,136,1318,83
148,520.77,136,1319,83
140,521.27,136,1320,83
138,521.91,139,1321,84
139,522.27,143,1322,84
142,522.77,143,1323,84
148,523.02,142,1324,84
153,523.41,139,1325,84
162,523.96,139,1326,84
167,524.44,137,1327,84
168,524.76,138,1328,84
171,525.06,137,1329,84
169,525.39,140,1330,84
169,525.73,140,1331,84
167,526.18,139,1332,84
163,526.44,140,1333,84
156,526.72,137,1334,84
149,527.08,135,1335,84
141,527.73,137,1336,84
135,528.29,142,1337,85
139,528.6,144,1338,85
141,528.79,145,1339,85
143,529.15,146,1340,85
148,529.52,142,1341,85
158,529.99,142,1342,85
165,530.36,139,1343,85
171,530.77,140,1344,85
170,531.22,139,1345,85
170,531.63,140,1346,85
170,531.97,141,1347,85
169,532.41,140,1348,85
165,532.85,143,1349,85
156,533.3,139,1350,85
147,533.8,139,1351,85
137,534.35,141,1352,86
135,534.88,143,1353,86
140,535.3,146,1354,86
144,535.64,147,1355,86
152,535.93,142,1356,86
159,536.37,142,1357,86
165,536.83,140,1358,86
169,537.2,139,1359,86
171,537.59,141,1360,86
170,537.9,139,1361,86
171,538.18,144,1362,86
170,538.59,142,1363,86
167,538.96,144,1364,86
160,539.32,141,1365,86
153,539.57,141,1366,86
148,540.14,141,1367,86
139,540.77,142,1368,87
139,541.25,143,1369,87
141,541.7,149,1370,87
144,542.04,148,1371,87
154,542.44,145,1372,87
161,542.83,143,1373,87
167,543.26,143,1374,87
170,543.65,141,1375,87
174,544,142,1376,87
172,544.3,142,1377,87
171,544.71,145,1378,87
170,545.19,143,1379,87
166,545.62,145,1380,87
153,546.22,141,1381,87
146,546.86,142,1382,88
139,547.34,146,1383,88
141,547.89,148,1384,88
145,548.25,151,1385,88
151,548.61,149,1386,88
160,549.05,145,1387,88
167,549.48,143,1388,88
173,549.82,143,1389,88
173,550.25,143,1390,88
175,550.6,143,1391,88
174,551.08,145,1392,88
170,551.55,146,1393,88
165,551.93,147,1394,88
156,552.39,143,1395,88
149,552.95,141,1396,89
142,553.64,145,1397,89
141,554.15,148,1398,89
144,554.6,152,1399,89
149,555.14,150,1400,89
163,555.65,147,1401,89
168,556.19,144,1402,89
174,556.48,145,1403,89
172,556.86,144,1404,89
172,557.23,148,1405,89
172,557.63,147,1406,89
169,558.05,148,1407,89
164,558.53,146,1408,89
153,559.06,143,1409,89
143,559.63,143,1410,90
140,560.13,148,1411,90
143,560.7,152,1412,90
148,561.16,153,1413,90
159,561.72,148,1414,90
169,562.13,146,1415,90
171,562.54,146,1416,90
173,562.96,147,1417,90
171,563.31,146,1418,90
171,563.69,150,1419,90
171,564.06,147,1420,90
169,564.56,150,1421,90
159,565.17,147,1422,90
150,565.66,146,1423,91
142,566.22,146,1424,91
141,566.55,147,1425,91
143,567.05,153,1426,91
148,567.54,155,1427,91
158,568.06,151,1428,91
166,568.4,150,1429,91
171,568.81,147,1430,91
173,569.27,149,1431,91
173,569.67,147,1432,91
173,570.1,151,1433,91
173,570.46,148,1434,91
168,570.97,151,1435,91
157,571.52,147,1436,91
149,572.01,147,1437,92
139,572.55,150,1438,92
138,573.11,151,1439,92
144,573.47,156,1440,92
149,573.92,155,1441,92
161,574.38,152,1442,92
169,574.81,150,1443,92
174,575.25,149,1444,92
174,575.64,148,1445,92
175,575.94,150,1446,92
175,576.37,151,1447,92
173,576.77,150,1448,92
169,577.14,154,1449,92
161,577.51,148,1450,92
153,577.98,148,1451,92
144,578.67,148,1452,93
140,579.14,151,1453,93
142,579.63,158,1454,93
148,579.99,157,1455,93
156,580.36,152,1456,93
163,580.78,153,1457,93
169,581.2,151,1458,93
173,581.6,149,1459,93
173,582.31,152,1460,93
173,582.74,154,1461,93
172,583.03,152,1462,93
172,583.42,153,1463,93
165,583.88,154,1464,93
156,584.4,148,1465,94
145,585.09,151,1466,94
141,585.6,155,1467,94
144,586.01,159,1468,94
147,586.45,160,1469,94
157,586.82,155,1470,94
165,587.24,153,1471,94
170,587.72,153,1472,94
175,588.31,152,1473,94
174,588.68,152,1474,94
174,589.05,156,1475,94
173,589.45,153,1476,94
170,589.93,156,1477,94
158,590.58,151,1478,94
148,591.15,152,1479,95
141,591.76,155,1480,95
143,592.23,158,1481,95
148,592.64,161,1482,95
156,593.18,157,1483,95
166,593.69,156,1484,95
172,594.22,154,1485,95
174,594.69,155,1486,95
174,595.11,154,1487,95
174,595.48,158,1488,95
173,595.84,155,1489,95
170,596.38,157,1490,95
159,596.93,153,1491,96
149,597.6,154,1492,96
141,598.2,157,1493,96
145,598.8,158,1494,96
148,599.32,163,1495,96
159,599.92,157,1496,96
170,600.48,156,1497,96
176,600.99,154,1498,96
174,601.37,155,1499,96
175,601.74,158,1500,96
174,602.1,157,1501,96
172,602.45,159,1502,96
168,602.94,159,1503,96
156,603.35,154,1504,97
149,603.95,156,1505,97
143,604.53,157,1506,97
145,605.03,160,1507,97
148,605.53,164,1508,97
158,605.93,160,1509,97
166,606.28,159,1510,97
171,606.77,156,1511,97
176,607.22,158,1512,97
175,607.68,156,1513,97
176,608.02,159,1514,97
174,608.39,159,1515,97
173,608.85,159,1516,97
166,609.09,159,1517,97
158,609.39,157,1518,97
152,609.76,155,1519,98
148,610.42,156,1520,98
142,610.89,160,1521,98
147,611.12,162,1522,98
148,611.58,166,1523,98
156,612.03,163,1524,98
164,612.41,159,1525,98
170,612.83,159,1526,98
174,613.27,159,1527,98
177,613.78,160,1528,98
174,614.13,159,1529,98
174,614.55,163,1530,98
172,614.96,159,1531,98
169,615.27,163,1532,98
162,615.44,159,1533,98
160,615.67,159,1534,98
155,616.23,156,1535,99
147,616.96,157,1536,99
144,617.45,161,1537,99
148,617.83,168,1538,99
154,618.16,167,1539,99
160,618.61,162,1540,99
167,619.03,161,1541,99
173,619.5,161,1542,99
176,619.99,160,1543,99
175,620.4,159,1544,99
176,620.74,164,1545,99
174,621.04,160,1546,99
173,621.44,164,1547,99
166,621.9,162,1548,99
158,622.32,159,1549,100
149,622.93,160,1550,100
142,623.61,163,1551,100
147,624.2,164,1552,100
148,624.66,169,1553,100
159,625.03,164,1554,100
167,625.49,162,1555,100
174,625.94,163,1556,100
176,626.53,161,1557,100
175,626.96,161,1558,100
177,627.34,165,1559,100
175,627.81,162,1560,100
170,628.21,165,1561,100
163,628.55,162,1562,101
153,628.86,159,1563,101
153,628.86,159,1564,101
155,628.86,157,1565,101
153,628.98,160,1566,101
149,629.57,161,1567,101
146,630.24,163,1568,101
149,630.77,169,1569,101
155,631.18,169,1570,101
163,631.46,164,1571,101
169,631.78,166,1572,101
172,632.17,164,1573,101
178,632.59,163,1574,101
177,633.06,165,1575,101
177,633.38,164,1576,101
177,633.93,167,1577,101
173,634.43,165,1578,101
165,634.78,165,1579,102
156,635.17,162,1580,102
148,635.8,163,1581,102
144,636.65,166,1582,102
146,637.25,168,1583,102
154,637.68,170,1584,102
165,638.1,166,1585,102
171,638.63,165,1586,102
176,639.13,166,1587,102
177,639.68,166,1588,102
175,640.11,167,1589,102
177,640.35,165,1590,102
175,640.75,165,1591,102
172,641.23,169,1592,103
163,641.73,166,1593,103
154,642.36,162,1594,103
149,643.14,165,1595,103
148,643.71,170,1596,103
155,644.23,173,1597,103
164,644.61,168,1598,103
171,645.06,166,1599,103
176,645.61,166,1600,103
179,646.03,167,1601,103
178,646.29,168,1602,103
178,646.7,169,1603,103
177,646.96,167,1604,103
174,647.38,171,1605,104
167,647.84,167,1606,104
158,648.45,165,1607,104
147,649.03,165,1608,104
146,649.63,167,1609,104
147,650.11,174,1610,104
155,650.47,174,1611,104
161,650.8,169,1612,104
168,651.17,169,1613,104
173,651.62,169,1614,104
176,651.97,168,1615,104
176,652.29,170,1616,104
178,652.51,167,1617,104
176,652.84,169,1618,104
177,653.23,172,1619,104
177,653.52,169,1620,105
175,653.89,171,1621,105
166,654.3,169,1622,105
160,654.82,166,1623,105
155,655.34,166,1624,105
150,655.83,169,1625,105
151,656.18,173,1626,105
153,656.55,179,1627,105
157,656.96,174,1628,105
166,657.37,172,1629,105
172,657.83,170,1630,105
178,658.19,169,1631,105
177,658.61,171,1632,105
177,659.01,169,1633,105
177,659.43,173,1634,105
177,659.78,169,1635,106
174,660.25,173,1636,106
167,660.83,170,1637,106
157,661.29,168,1638,106
148,661.83,169,1639,106
148,662.48,171,1640,106
153,663,178,1641,106
161,663.42,174,1642,106
168,663.83,172,1643,106
172,664.13,173,1644,106
176,664.4,170,1645,106
179,664.89,171,1646,106
177,665.26,171,1647,106
179,665.51,175,1648,106
178,665.77,175,1649,106
176,666.16,171,1650,107
174,666.53,175,1651,107
166,666.91,173,1652,107
161,667.25,170,1653,107
157,667.74,170,1654,107
151,668.23,172,1655,107
150,668.68,171,1656,107
152,669.08,179,1657,107
156,669.45,178,1658,107
162,669.72,174,1659,107
168,670.02,174,1660,107
172,670.47,174,1661,107
175,670.9,172,1662,107
177,671.39,173,1663,107
177,671.77,172,1664,107
176,672.22,179,1665,107
175,672.49,173,1666,108
174,672.96,176,1667,108
166,673.27,173,1668,108
161,673.57,171,1669,108
156,674.24,170,1670,108
150,674.8,174,1671,108
151,675.29,177,1672,108
156,675.75,180,1673,108
162,676.09,176,1674,108
168,676.46,174,1675,108
173,676.84,175,1676,108
175,677.24,174,1677,108
177,677.52,175,1678,108
178,677.96,175,1679,108
177,678.39,177,1680,108
177,678.77,177,1681,109
176,679.18,178,1682,109
169,679.6,177,1683,109
162,679.99,173,1684,109
157,680.64,170,1685,109
151,681.27,175,1686,109
151,681.8,181,1687,109
156,682.26,182,1688,109
164,682.68,177,1689,109
169,683.07,177,1690,109
175,683.52,177,1691,109
176,684.04,175,1692,109
178,684.51,175,1693,109
177,684.98,181,1694,110
177,685.32,176,1695,110
176,685.81,179,1696,110
167,686.24,177,1697,110
159,686.68,173,1698,110
152,687.32,174,1699,110
150,688.01,176,1700,110
155,688.57,185,1701,110
161,689.03,180,1702,110
169,689.44,179,1703,110
174,689.9,179,1704,110
179,690.38,177,1705,110
178,690.88,178,1706,110
180,691.4,180,1707,111
179,691.79,178,1708,111
175,692.26,182,1709,111
167,692.65,178,1710,111
160,693.09,175,1711,111
152,693.79,176,1712,111
146,694.26,178,1713,111
150,694.73,184,1714,111
156,695.09,187,1715,111
163,695.6,181,1716,111
170,696.19,180,1717,111
178,696.67,181,1718,111
180,697.14,179,1719,111
179,697.58,179,1720,112
180,697.96,182,1721,112
179,698.39,181,1722,112
178,698.77,182,1723,112
170,699.01,180,1724,112
166,699.42,179,1725,112
157,699.96,177,1726,112
152,700.64,178,1727,112
149,701.22,180,1728,112
152,701.78,189,1729,112
163,702.04,182,1730,112
169,702.34,181,1731,112
173,702.93,181,1732,112
178,703.36,181,1733,112
177,703.81,182,1734,113
179,704.28,184,1735,113
179,704.7,181,1736,113
176,705.14,183,1737,113
169,705.47,180,1738,113
162,705.9,180,1739,113
155,706.44,176,1740,113
151,707.12,182,1741,113
152,707.68,187,1742,113
156,708.15,190,1743,113
164,708.54,183,1744,113
172,708.88,183,1745,113
176,709.38,185,1746,113
179,709.9,183,1747,113
179,710.29,182,1748,114
181,710.66,185,1749,114
179,711.16,184,1750,114
177,711.56,186,1751,114
170,711.84,184,1752,114
164,712.31,181,1753,114
157,712.96,179,1754,114
151,713.55,183,1755,114
151,713.96,188,1756,114
154,714.26,191,1757,114
159,714.6,186,1758,114
165,714.93,185,1759,114
171,715.15,185,1760,114
175,715.34,185,1761,114
179,715.6,184,1762,114
181,715.87,184,1763,114
180,716.16,186,1764,114
183,716.32,183,1765,115
183,716.3,185,1766,115
184,716.3,184,1767,115
186,716.29,184,1768,115
186,716.31,182,1769,115
184,716.31,184,1770,115
186,716.29,184,1771,115
185,716.29,184,1772,115
182,716.5,184,1773,115
180,716.79,186,1774,115
182,717.02,187,1775,115
179,717.32,184,1776,115
179,717.66,186,1777,115
175,717.95,188,1778,115
168,718.27,184,1779,115
164,718.6,180,1780,115
157,719.02,180,1781,115
150,719.33,186,1782,115
149,719.62,183,1783,115
148,720.02,188,1784,115
150,720.49,193,1785,115
157,720.87,189,1786,115
167,721.28,186,1787,115
174,721.77,187,1788,115
181,722.22,186,1789,115
184,722.64,187,1790,116
182,722.97,185,1791,116
182,723.38,189,1792,116
180,723.74,186,1793,116
178,724.11,187,1794,116
175,724.45,190,1795,116
167,724.81,184,1796,116
162,725.15,183,1797,116
156,725.59,182,1798,116
151,726.05,186,1799,116
151,726.51,189,1800,116
154,726.99,194,1801,116
160,727.47,189,1802,116
170,727.92,188,1803,116
176,728.36,189,1804,116
181,728.71,186,1805,116
181,728.98,187,1806,117
181,729.37,187,1807,117
182,729.77,190,1808,117
181,730.22,187,1809,117
179,730.56,191,1810,117
173,730.89,190,1811,117
168,731.21,187,1812,117
161,731.65,184,1813,117
154,732.03,185,1814,117
151,732.47,188,1815,117
150,732.95,190,1816,117
150,733.44,195,1817,117
158,733.85,192,1818,117
167,734.3,190,1819,117
175,734.79,190,1820,117
180,735.2,189,1821,118
181,735.48,190,1822,118
182,735.8,188,1823,118
181,736.05,193,1824,118
182,736.44,192,1825,118
177,736.89,191,1826,118
176,737.2,192,1827,118
168,737.56,187,1828,118
160,738.01,187,1829,118
152,738.44,188,1830,118
149,738.85,190,1831,118
149,739.33,191,1832,118
151,739.8,198,1833,118
160,740.22,195,1834,118
169,740.64,191,1835,118
177,741.11,193,1836,118
181,741.53,192,1837,119
182,741.88,191,1838,119
183,742.14,191,1839,119
183,742.5,192,1840,119
181,742.86,190,1841,119
178,743.24,193,1842,119
174,743.63,192,1843,119
168,744.02,188,1844,119
159,744.39,186,1845,119
152,744.86,191,1846,119
148,745.35,189,1847,119
150,745.89,198,1848,119
153,746.39,197,1849,119
164,746.92,192,1850,119
174,747.46,193,1851,119
180,747.91,192,1852,120
180,748.28,193,1853,120
183,748.6,192,1854,120
183,748.94,194,1855,120
179,749.25,193,1856,120
176,749.6,195,1857,120
174,749.99,194,1858,120
167,750.4,189,1859,120
159,750.76,188,1860,120
151,751.09,193,1861,120
148,751.44,193,1862,120
149,751.79,195,1863,120
149,752.26,201,1864,120
155,752.73,200,1865,120
165,753.16,194,1866,120
173,753.53,195,1867,120
178,753.96,195,1868,120
182,754.4,195,1869,121
182,754.7,192,1870,121
183,755.05,195,1871,121
181,755.43,194,1872,121
179,755.81,196,1873,121
176,756.11,197,1874,121
169,756.45,193,1875,121
160,756.84,191,1876,121
153,757.21,191,1877,121
145,757.65,195,1878,121
149,758.11,194,1879,121
150,758.57,202,1880,121
157,759,200,1881,121
165,759.54,196,1882,121
175,760,196,1883,121
179,760.44,196,1884,122
181,760.85,196,1885,122
182,761.22,195,1886,122
183,761.62,197,1887,122
176,761.93,195,1888,122
177,762.2,199,1889,122
176,762.52,200,1890,122
167,762.81,194,1891,122
160,763.11,192,1892,122
152,763.48,193,1893,122
145,763.89,197,1894,122
149,764.25,195,1895,122
149,764.76,202,1896,122
153,765.25,203,1897,122
163,765.77,198,1898,122
174,766.29,197,1899,122
181,766.69,197,1900,123
183,767.03,199,1901,123
183,767.35,197,1902,123
183,767.75,197,1903,123
175,768.17,198,1904,123
177,768.56,200,1905,123
174,768.85,197,1906,123
167,769.22,195,1907,123
160,769.61,195,1908,123
151,770.06,195,1909,123
144,770.49,197,1910,123
149,770.96,200,1911,123
152,771.47,206,1912,123
160,771.87,200,1913,123
170,772.42,200,1914,123
177,772.96,200,1915,124
184,773.39,201,1916,124
181,773.67,198,1917,124
183,774.07,199,1918,124
177,774.44,200,1919,124
176,774.77,201,1920,124
178,775.04,202,1921,124
169,775.41,198,1922,124
163,775.72,195,1923,124
157,776.11,195,1924,124
145,776.5,200,1925,124
144,776.86,199,1926,124
149,777.31,202,1927,124
151,777.77,207,1928,124
160,778.31,204,1929,124
171,778.89,199,1930,124
181,779.42,201,1931,125
183,779.82,201,1932,125
183,780.14,200,1933,125
182,780.46,201,1934,125
176,780.9,200,1935,125
178,781.27,204,1936,125
174,781.61,202,1937,125
167,781.98,199,1938,125
159,782.43,196,1939,125
149,782.8,200,1940,125
141,783.2,200,1941,125
148,783.61,202,1942,125
150,784.11,208,1943,125
156,784.58,207,1944,125
167,785.04,203,1945,125
175,785.56,202,1946,126
181,785.99,204,1947,126
180,786.36,203,1948,126
180,786.71,202,1949,126
181,787.08,204,1950,126
174,787.49,204,1951,126
177,787.89,206,1952,126
170,788.25,202,1953,126
161,788.62,199,1954,126
152,789.02,199,1955,126
142,789.51,205,1956,126
147,790.03,203,1957,126
150,790.55,211,1958,126
158,791,207,1959,126
169,791.52,203,1960,126
177,792.04,205,1961,127
180,792.59,204,1962,127
181,792.97,204,1963,127
183,793.41,204,1964,127
176,793.84,204,1965,127
179,794.24,206,1966,127
170,794.62,203,1967,127
161,795.07,200,1968,127
149,795.5,203,1969,127
142,795.92,204,1970,127
149,796.38,204,1971,127
151,796.87,210,1972,127
161,797.27,207,1973,127
170,797.78,205,1974,127
178,798.34,207,1975,128
180,798.82,207,1976,128
179,799.26,205,1977,128
179,799.7,207,1978,128
174,800.09,206,1979,128
177,800.51,209,1980,128
167,800.94,203,1981,128
159,801.35,202,1982,128
148,801.87,205,1983,128
145,802.5,205,1984,128
150,803.12,214,1985,128
162,803.6,208,1986,128
170,804.06,206,1987,128
178,804.59,208,1988,129
181,805.1,208,1989,129
181,805.47,207,1990,129
183,805.72,208,1991,129
177,806.09,208,1992,129
176,806.57,210,1993,129
177,806.96,209,1994,129
166,807.33,205,1995,129
158,807.91,203,1996,129
145,808.41,207,1997,129
150,808.93,209,1998,129
151,809.47,216,1999,129
160,810.01,209,2000,129
169,810.66,209,2001,130
179,811.18,209,2002,130
180,811.64,209,2003,130
181,811.96,210,2004,130
182,812.41,210,2005,130
176,812.91,209,2006,130
178,813.25,212,2007,130
170,813.52,208,2008,130
163,813.85,205,2009,130
157,814.37,204,2010,130
145,814.88,210,2011,130
152,815.34,211,2012,130
152,815.8,218,2013,130
158,816.35,212,2014,130
170,816.99,210,2015,131
178,817.58,212,2016,131
180,818,212,2017,131
181,818.33,210,2018,131
182,818.67,212,2019,131
177,819.12,211,2020,131
178,819.47,214,2021,131
169,819.75,209,2022,131
164,820.17,206,2023,131
151,820.75,208,2024,131
147,821.31,210,2025,131
153,821.76,217,2026,131
157,822.26,218,2027,131
166,822.85,212,2028,131
176,823.46,212,2029,132
181,824.04,213,2030,132
181,824.38,212,2031,132
181,824.88,213,2032,132
176,825.37,213,2033,132
177,825.79,214,2034,132
168,826.2,209,2035,132
162,826.62,206,2036,132
150,827.14,210,2037,132
147,827.61,212,2038,132
152,828.11,218,2039,132
154,828.66,221,2040,132
166,829.29,213,2041,132
176,829.85,215,2042,133
182,830.32,214,2043,133
183,830.71,214,2044,133
182,831.12,214,2045,133
178,831.65,214,2046,133
177,832.13,217,2047,133
169,832.57,212,2048,133
161,833.11,209,2049,133
148,833.64,214,2050,133
154,834.01,212,2051,133
151,834.43,220,2052,133
155,835.07,221,2053,133
168,835.67,215,2054,134
178,836.15,217,2055,134
182,836.65,215,2056,134
184,837.11,216,2057,134
183,837.46,216,2058,134
179,837.97,214,2059,134
178,838.35,219,2060,134
172,838.73,215,2061,134
164,839.11,211,2062,134
154,839.56,212,2063,134
147,839.96,217,2064,134
151,840.35,215,2065,134
152,840.81,222,2066,134
156,841.33,224,2067,134
169,841.92,216,2068,134
180,842.5,218,2069,135
186,842.96,219,2070,135
184,843.24,217,2071,135
184,843.61,214,2072,135
181,844.08,217,2073,135
178,844.5,220,2074,135
172,844.84,217,2075,135
166,845.22,213,2076,135
157,845.71,214,2077,135
149,846.17,218,2078,135
152,846.63,217,2079,135
151,847.2,224,2080,135
161,847.87,224,2081,135
176,848.43,219,2082,136
185,848.83,221,2083,136
184,849.25,220,2084,136
184,849.76,217,2085,136
179,850.15,220,2086,136
178,850.65,222,2087,136
174,850.9,220,2088,136
167,851.24,215,2089,136
158,851.66,214,2090,136
147,852.15,219,2091,136
149,852.59,218,2092,136
151,853.12,224,2093,136
155,853.66,227,2094,136
168,854.2,221,2095,136
177,854.72,221,2096,137
182,855.21,223,2097,137
181,855.64,221,2098,137
183,856.01,220,2099,137
178,856.49,221,2100,137
177,856.88,223,2101,137
172,857.27,220,2102,137
164,857.82,218,2103,137
152,858.35,218,2104,137
144,858.86,221,2105,137
149,859.4,221,2106,137
155,859.94,230,2107,137
166,860.46,224,2108,137
176,861.01,223,2109,138
182,861.56,225,2110,138
183,862.05,223,2111,138
184,862.49,222,2112,138
178,862.95,222,2113,138
179,863.4,227,2114,138
171,863.89,222,2115,138
162,864.3,217,2116,138
150,864.73,220,2117,138
143,865.2,223,2118,138
150,865.66,222,2119,138
152,866.17,231,2120,138
163,866.72,227,2121,138
172,867.34,224,2122,139
181,867.93,224,2123,139
183,868.38,226,2124,139
184,868.75,225,2125,139
178,869.2,225,2126,139
180,869.63,227,2127,139
175,869.95,226,2128,139
166,870.31,220,2129,139
158,870.77,220,2130,139
145,871.21,223,2131,139
143,871.61,224,2132,139
150,872.14,227,2133,139
154,872.77,234,2134,139
168,873.29,226,2135,139
176,873.9,226,2136,140
182,874.38,228,2137,140
182,874.86,225,2138,140
183,875.33,227,2139,140
179,875.84,227,2140,140
178,876.26,230,2141,140
169,876.61,224,2142,140
160,876.99,222,2143,140
148,877.5,223,2144,140
143,877.95,226,2145,140
151,878.5,227,2146,140
155,879.03,234,2147,140
165,879.58,228,2148,140
175,880.21,228,2149,141
181,880.75,228,2150,141
182,881.19,227,2151,141
181,881.67,230,2152,141
179,882.12,228,2153,141
176,882.58,231,2154,141
165,883.02,225,2155,141
153,883.55,224,2156,141
142,884.08,227,2157,141
151,884.58,231,2158,141
154,885.19,237,2159,141
166,885.79,227,2160,141
176,886.37,230,2161,142
179,886.87,231,2162,142
179,887.41,232,2163,142
181,887.94,230,2164,142
178,888.46,230,2165,142
176,888.93,233,2166,142
168,889.4,226,2167,142
155,889.89,225,2168,142
143,890.39,230,2169,142
151,890.9,229,2170,142
150,891.47,238,2171,142
162,892.05,233,2172,142
172,892.56,230,2173,143
178,893.03,233,2174,143
179,893.52,232,2175,143
181,893.93,232,2176,143
180,894.37,232,2177,143
175,894.93,232,2178,143
176,895.44,234,2179,143
166,895.87,228,2180,143
155,896.29,226,2181,143
144,896.82,230,2182,143
148,897.33,229,2183,143
152,897.93,238,2184,143
162,898.71,237,2185,144
174,899.24,234,2186,144
180,899.63,233,2187,144
177,900.1,236,2188,144
179,900.62,235,2189,144
172,901.12,235,2190,144
175,901.65,237,2191,144
169,902.04,229,2192,144
160,902.55,228,2193,144
146,903.1,231,2194,144
145,903.63,231,2195,144
151,904.13,238,2196,144
156,904.59,241,2197,144
167,905.15,233,2198,145
176,905.66,234,2199,145
180,906.07,236,2200,145
176,906.65,237,2201,145
181,907.21,237,2202,145
173,907.63,234,2203,145
176,908.13,239,2204,145
169,908.58,233,2205,145
159,909.15,231,2206,145
142,909.71,236,2207,145
149,910.2,233,2208,145
152,910.65,241,2209,145
161,911.23,242,2210,146
171,911.81,236,2211,146
179,912.33,237,2212,146
180,912.78,238,2213,146
180,913.23,237,2214,146
178,913.54,238,2215,146
172,914.02,238,2216,146
177,914.46,241,2217,146
169,914.87,236,2218,146
160,915.35,231,2219,146
147,915.86,235,2220,146
142,916.35,235,2221,146
152,916.86,239,2222,146
157,917.57,244,2223,147
172,918.2,238,2224,147
181,918.78,241,2225,147
181,919.25,241,2226,147
181,919.56,238,2227,147
181,919.9,239,2228,147
173,920.37,239,2229,147
178,920.81,242,2230,147
171,921.19,238,2231,147
161,921.68,234,2232,147
148,922.13,235,2233,147
141,922.61,239,2234,147
150,923.1,241,2235,147
154,923.8,247,2236,148
166,924.43,240,2237,148
177,924.96,242,2238,148
179,925.44,242,2239,148
180,925.96,241,2240,148
180,926.4,240,2241,148
172,926.81,242,2242,148
176,927.25,244,2243,148
174,927.61,241,2244,148
164,928,234,2245,148
153,928.55,236,2246,148
142,929.18,238,2247,148
152,929.79,244,2248,148
157,930.48,248,2249,149
171,931.14,240,2250,149
180,931.57,242,2251,149
182,932.01,243,2252,149
182,932.48,243,2253,149
178,932.87,244,2254,149
175,933.24,241,2255,149
177,933.75,247,2256,149
168,934.16,240,2257,149
156,934.64,237,2258,149
144,935.29,240,2259,149
151,935.87,243,2260,149
155,936.52,250,2261,150
168,937.14,244,2262,150
177,937.59,244,2263,150
180,938.19,245,2264,150
179,938.65,246,2265,150
179,939.28,244,2266,150
176,939.85,246,2267,150
177,940.25,248,2268,150
169,940.61,241,2269,150
162,940.98,241,2270,150
152,941.48,239,2271,150
142,941.95,242,2272,150
151,942.52,244,2273,151
154,943.18,252,2274,151
167,943.72,244,2275,151
176,944.27,246,2276,151
179,944.88,248,2277,151
181,945.43,248,2278,151
179,945.89,249,2279,151
176,946.29,246,2280,151
175,946.64,249,2281,151
174,946.98,245,2282,151
165,947.32,241,2283,151
156,947.88,240,2284,151
146,948.38,245,2285,151
152,948.87,246,2286,152
153,949.51,254,2287,152
164,950.06,248,2288,152
174,950.62,247,2289,152
180,951.17,248,2290,152
180,951.68,250,2291,152
182,952.07,249,2292,152
176,952.6,249,2293,152
176,952.99,252,2294,152
173,953.37,249,2295,152
163,953.78,243,2296,152
152,954.29,243,2297,152
145,954.86,245,2298,152
153,955.42,251,2299,153
156,955.97,254,2300,153
171,956.44,247,2301,153
178,957.05,250,2302,153
180,957.64,251,2303,153
184,958.1,250,2304,153
180,958.51,249,2305,153
177,958.89,250,2306,153
176,959.36,253,2307,153
174,959.61,250,2308,153
169,960.01,246,2309,153
161,960.39,243,2310,153
150,960.86,246,2311,153
148,961.28,246,2312,153
153,961.76,253,2313,154
157,962.23,258,2314,154
166,962.73,250,2315,154
173,963.25,252,2316,154
180,963.63,254,2317,154
183,964.04,253,2318,154
183,964.41,251,2319,154
181,964.71,254,2320,154
179,964.97,252,2321,154
176,965.27,252,2322,154
179,965.52,255,2323,154
176,965.73,253,2324,154
170,966.15,250,2325,154
160,966.61,247,2326,154
149,967.1,249,2327,154
149,967.49,249,2328,154
153,967.88,257,2329,155
156,968.3,258,2330,155
165,968.8,253,2331,155
172,969.25,250,2332,155
179,969.64,255,2333,155
182,970.09,255,2334,155
182,970.56,255,2335,155
183,970.94,255,2336,155
178,971.33,255,2337,155
178,971.66,257,2338,155
175,971.94,255,2339,155
168,972.29,250,2340,155
158,972.77,247,2341,155
148,973.23,252,2342,155
150,973.72,249,2343,155
153,974.32,258,2344,156
160,974.92,257,2345,156
172,975.44,255,2346,156
177,975.88,259,2347,156
180,976.33,256,2348,156
180,976.8,257,2349,156
184,977.11,259,2350,156
178,977.49,255,2351,156
180,977.89,258,2352,156
175,978.29,257,2353,156
167,978.75,252,2354,156
160,979.37,249,2355,156
148,979.83,252,2356,156
152,980.27,254,2357,157
154,980.88,262,2358,157
162,981.47,257,2359,157
174,982.05,256,2360,157
179,982.54,259,2361,157
182,983.05,260,2362,157
181,983.48,257,2363,157
179,983.9,256,2364,157
178,984.39,257,2365,157
174,984.84,259,2366,157
166,985.28,253,2367,157
154,985.76,250,2368,157
146,986.24,257,2369,157
152,986.78,258,2370,158
153,987.42,264,2371,158
168,988,259,2372,158
176,988.48,257,2373,158
183,989.02,261,2374,158
182,989.43,261,2375,158
184,989.83,260,2376,158
178,990.21,259,2377,158
180,990.66,263,2378,158
176,991.15,260,2379,158
165,991.74,254,2380,158
152,992.35,253,2381,158
148,992.88,258,2382,159
152,993.53,265,2383,159
157,994.01,265,2384,159
170,994.51,258,2385,159
177,995.05,262,2386,159
182,995.62,263,2387,159
182,996.01,263,2388,159
182,996.42,261,2389,159
177,996.77,261,2390,159
177,997.17,266,2391,159
173,997.61,259,2392,159
161,998.13,255,2393,159
148,998.57,257,2394,159
149,999.02,258,2395,159
152,999.55,265,2396,160
157,1000.12,267,2397,160
170,1000.49,259,2398,160
175,1001.01,263,2399,160
178,1001.48,265,2400,160
183,1002.02,264,2401,160
184,1002.37,264,2402,160
177,1002.88,262,2403,160
179,1003.24,267,2404,160
173,1003.71,262,2405,160
163,1004.24,258,2406,160
148,1004.83,259,2407,160
150,1005.35,260,2408,161
153,1006,269,2409,161
163,1006.51,265,2410,161
172,1006.95,262,2411,161
178,1007.47,268,2412,161
182,1008.03,266,2413,161
184,1008.4,265,2414,161
185,1008.41,264,2415,161
185,1008.4,264,2416,161
188,1008.41,258,2417,161
187,1008.4,262,2418,161
187,1008.39,260,2419,161
184,1008.45,260,2420,161
181,1008.65,268,2421,161
176,1008.97,263,2422,161
183,1009.3,267,2423,161
178,1009.63,269,2424,161
173,1009.95,263,2425,161
166,1010.4,259,2426,161
153,1010.84,260,2427,161
145,1011.28,261,2428,161
151,1011.46,261,2429,161
152,1011.69,266,2430,162
152,1012.13,272,2431,162
158,1012.59,270,2432,162
167,1012.93,266,2433,162
173,1013.26,263,2434,162
180,1013.57,266,2435,162
180,1014.05,267,2436,162
182,1014.46,269,2437,162
181,1014.77,266,2438,162
183,1015.17,267,2439,162
178,1015.56,268,2440,162
181,1015.8,270,2441,162
178,1016.07,271,2442,162
172,1016.39,265,2443,162
164,1016.79,260,2444,162
152,1017.34,262,2445,162
145,1017.9,266,2446,163
151,1018.3,264,2447,163
153,1018.65,272,2448,163
158,1018.94,275,2449,163
165,1019.11,270,2450,163
170,1019.42,268,2451,163
174,1020.02,266,2452,163
182,1020.39,271,2453,163
183,1020.9,270,2454,163
183,1021.29,268,2455,163
182,1021.76,269,2456,163
177,1022.15,268,2457,163
177,1022.53,273,2458,163
169,1023.02,265,2459,163
158,1023.45,261,2460,163
148,1023.9,264,2461,163
149,1024.32,266,2462,164
151,1024.72,268,2463,164
152,1025.11,275,2464,164
162,1025.44,273,2465,164
168,1025.72,268,2466,164
173,1025.74,266,2467,164
174,1026.16,267,2468,164
181,1026.62,270,2469,164
182,1027,272,2470,164
182,1027.42,270,2471,164
183,1027.82,272,2472,164
179,1028.17,273,2473,164
181,1028.52,274,2474,164
174,1028.67,271,2475,164
170,1028.84,267,2476,164
164,1029.29,263,2477,164
152,1029.83,267,2478,164
145,1030.35,269,2479,164
151,1030.82,268,2480,165
153,1031.27,279,2481,165
162,1031.68,274,2482,165
171,1031.91,269,2483,165
175,1032.27,271,2484,165
180,1032.63,274,2485,165
183,1033.07,274,2486,165
181,1033.46,273,2487,165
183,1033.79,272,2488,165
182,1034.05,274,2489,165
178,1034.48,273,2490,165
181,1034.84,277,2491,165
173,1035.22,271,2492,165
161,1035.72,267,2493,165
150,1036.35,268,2494,165
146,1036.91,270,2495,166
151,1037.39,272,2496,166
156,1037.76,280,2497,166
164,1038.08,276,2498,166
170,1038.36,271,2499,166
175,1038.68,273,2500,166
180,1039.13,277,2501,166
183,1039.45,275,2502,166
181,1039.84,275,2503,166
181,1040.19,274,2504,166
181,1040.54,275,2505,166
181,1040.95,275,2506,166
178,1041.12,278,2507,166
175,1041.23,274,2508,166
169,1041.6,270,2509,166
157,1042.16,268,2510,166
147,1042.79,271,2511,166
149,1043.4,272,2512,167
155,1043.82,281,2513,167
166,1044.18,276,2514,167
173,1044.56,273,2515,167
179,1045.01,276,2516,167
180,1045.47,278,2517,167
182,1045.88,278,2518,167
183,1046.31,279,2519,167
179,1046.84,277,2520,167
178,1047.12,279,2521,167
169,1047.36,271,2522,167
159,1047.7,270,2523,167
150,1048.25,271,2524,167
146,1048.84,275,2525,167
149,1049.25,275,2526,167
152,1049.62,283,2527,168
162,1049.97,281,2528,168
169,1050.21,275,2529,168
172,1050.7,277,2530,168
179,1051.24,279,2531,168
183,1051.68,281,2532,168
182,1052,278,2533,168
181,1052.27,281,2534,168
179,1052.63,278,2535,168
180,1053.2,281,2536,168
169,1053.63,275,2537,168
157,1054.33,274,2538,168
147,1054.83,276,2539,168
150,1055.38,275,2540,168
154,1055.91,284,2541,169
163,1056.35,283,2542,169
173,1056.68,277,2543,169
178,1057.17,279,2544,169
182,1057.67,282,2545,169
180,1058.07,282,2546,169
185,1058.46,280,2547,169
180,1058.84,280,2548,169
182,1059.35,283,2549,169
172,1059.68,277,2550,169
164,1060.06,274,2551,169
154,1060.91,274,2552,169
147,1061.63,279,2553,169
150,1062.18,280,2554,170
158,1062.54,286,2555,170
167,1063.01,282,2556,170
175,1063.52,278,2557,170
181,1063.94,281,2558,170
184,1064.5,284,2559,170
183,1064.97,281,2560,170
184,1065.51,279,2561,170
182,1065.93,285,2562,170
172,1066.34,281,2563,170
160,1066.95,276,2564,170
148,1067.58,278,2565,170
148,1068.16,280,2566,171
151,1068.79,287,2567,171
164,1069.25,287,2568,171
171,1069.69,280,2569,171
174,1070.22,284,2570,171
175,1070.54,287,2571,171
175,1070.74,287,2572,171
177,1070.85,282,2573,171
180,1071.28,282,2574,171
183,1071.7,286,2575,171
182,1072.3,283,2576,171
173,1072.74,285,2577,171
163,1073.34,279,2578,171
151,1074.05,281,2579,171
149,1074.62,281,2580,172
153,1075.13,290,2581,172
162,1075.59,290,2582,172
170,1076.06,283,2583,172
177,1076.54,287,2584,172
180,1077.07,287,2585,172
177,1077.53,288,2586,172
183,1077.92,286,2587,172
182,1078.31,287,2588,172
182,1078.76,288,2589,172
174,1079.1,287,2590,172
161,1079.56,280,2591,172
152,1080.17,279,2592,172
149,1080.79,281,2593,173
151,1081.36,289,2594,173
162,1081.86,292,2595,173
170,1082.28,284,2596,173
177,1082.84,287,2597,173
182,1083.3,288,2598,173
181,1083.75,286,2599,173
183,1084.15,289,2600,173
183,1084.55,287,2601,173
178,1085.05,291,2602,173
167,1085.6,285,2603,173
153,1086.23,281,2604,173
148,1086.9,283,2605,173
148,1087.42,285,2606,174
153,1087.83,297,2607,174
164,1088.37,289,2608,174
172,1088.77,287,2609,174
178,1089.23,290,2610,174
181,1089.66,289,2611,174
181,1090.12,288,2612,174
182,1090.34,292,2613,174
181,1090.73,290,2614,174
181,1091.21,290,2615,174
169,1091.71,288,2616,174
157,1092.08,284,2617,174
148,1092.64,286,2618,174
146,1093.17,287,2619,174
147,1093.63,289,2620,175
154,1093.98,297,2621,175
161,1094.35,295,2622,175
168,1094.85,288,2623,175
176,1095.38,287,2624,175
180,1095.97,290,2625,175
182,1096.45,292,2626,175
183,1096.91,291,2627,175
183,1097.41,289,2628,175
179,1097.68,293,2629,175
171,1098.08,291,2630,175
161,1098.79,284,2631,175
151,1099.48,286,2632,175
148,1100.09,290,2633,176
153,1100.65,296,2634,176
165,1101.21,292,2635,176
173,1101.65,291,2636,176
177,1102.18,296,2637,176
180,1102.74,295,2638,176
182,1103.1,293,2639,176
185,1103.4,292,2640,176
184,1103.9,294,2641,176
177,1104.28,297,2642,176
165,1104.69,289,2643,176
153,1105.23,287,2644,176
149,1105.79,289,2645,176
147,1106.37,289,2646,177
149,1106.88,300,2647,177
161,1107.28,298,2648,177
167,1107.59,291,2649,177
174,1108.08,292,2650,177
179,1108.53,296,2651,177
182,1108.81,297,2652,177
181,1109.13,294,2653,177
182,1109.46,294,2654,177
183,1109.81,295,2655,177
181,1110.15,294,2656,177
174,1110.46,298,2657,177
167,1111.11,292,2658,177
153,1111.69,288,2659,177
148,1112.22,292,2660,178
147,1112.69,295,2661,178
153,1113.13,302,2662,178
162,1113.47,300,2663,178
169,1113.88,294,2664,178
174,1114.27,296,2665,178
178,1114.79,298,2666,178
182,1115.34,299,2667,178
182,1115.76,298,2668,178
183,1116.13,297,2669,178
181,1116.51,297,2670,178
174,1116.95,300,2671,178
165,1117.4,294,2672,178
154,1117.96,293,2673,178
149,1118.56,292,2674,179
146,1119.07,293,2675,179
150,1119.53,301,2676,179
160,1119.85,303,2677,179
167,1120.23,295,2678,179
174,1120.65,297,2679,179
180,1121.06,302,2680,179
181,1121.51,296,2681,179
182,1121.95,299,2682,179
182,1122.42,300,2683,179
182,1122.82,302,2684,179
174,1123.22,300,2685,179
164,1123.6,293,2686,179
155,1123.95,294,2687,179
148,1124.41,291,2688,179
144,1124.96,295,2689,180
146,1125.38,302,2690,180
156,1125.72,307,2691,180
163,1125.98,300,2692,180
169,1126.43,299,2693,180
176,1126.76,301,2694,180
180,1127.3,305,2695,180
181,1127.69,301,2696,180
185,1128,300,2697,180
184,1128.38,303,2698,180
180,1128.75,301,2699,180
172,1129.03,303,2700,180
165,1129.42,296,2701,180
154,1129.8,295,2702,180
146,1130.38,296,2703,180
144,1130.93,294,2704,180
145,1131.39,302,2705,181
153,1131.81,307,2706,181
163,1132.21,302,2707,181
168,1132.66,298,2708,181
173,1132.98,303,2709,181
176,1133.36,305,2710,181
179,1133.66,306,2711,181
182,1134.02,302,2712,181
183,1134.4,301,2713,181
183,1134.82,302,2714,181
179,1135.21,304,2715,181
170,1135.52,305,2716,181
161,1135.98,298,2717,181
151,1136.49,299,2718,181
144,1137,296,2719,181
143,1137.51,301,2720,182
146,1137.87,303,2721,182
150,1138.18,310,2722,182
158,1138.53,304,2723,182
165,1138.83,302,2724,182
170,1139.2,303,2725,182
174,1139.52,306,2726,182
177,1139.96,306,2727,182
179,1140.48,307,2728,182
181,1140.85,302,2729,182
182,1141.29,303,2730,182
179,1141.66,306,2731,182
172,1142.04,308,2732,182
163,1142.39,299,2733,182
151,1142.8,300,2734,182
143,1143.28,298,2735,182
140,1143.84,302,2736,183
143,1144.34,302,2737,183
147,1144.66,313,2738,183
156,1145,309,2739,183
164,1145.31,304,2740,183
169,1145.67,305,2741,183
172,1146.02,309,2742,183
174,1146.57,310,2743,183
178,1147.03,306,2744,183
179,1147.56,308,2745,183
180,1147.92,305,2746,183
176,1148.4,309,2747,183
165,1149.01,306,2748,183
151,1149.78,302,2749,183
143,1150.51,303,2750,184
145,1151,306,2751,184
150,1151.51,313,2752,184
164,1151.81,308,2753,184
167,1152.07,305,2754,184
173,1152.56,307,2755,184
176,1153.21,311,2756,184
179,1153.73,308,2757,184
180,1154.19,308,2758,184
178,1154.64,310,2759,184
168,1155.12,311,2760,184
156,1155.77,303,2761,184
144,1156.46,304,2762,185
140,1157.08,306,2763,185
146,1157.7,313,2764,185
157,1158.17,312,2765,185
166,1158.63,305,2766,185
172,1159.1,311,2767,185
178,1159.57,314,2768,185
176,1160.03,309,2769,185
179,1160.37,310,2770,185
178,1160.77,311,2771,185
174,1161.14,312,2772,185
169,1161.66,313,2773,185
155,1162.24,304,2774,185
143,1162.97,305,2775,186
138,1163.63,307,2776,186
143,1164.02,312,2777,186
151,1164.45,314,2778,186
160,1164.84,310,2779,186
165,1165.29,309,2780,186
171,1165.79,311,2781,186
177,1166.42,315,2782,186
178,1166.95,310,2783,186
179,1167.3,311,2784,186
178,1167.57,311,2785,186
174,1167.86,314,2786,186
166,1168.23,314,2787,186
153,1168.81,304,2788,187
144,1169.44,308,2789,187
138,1170.1,308,2790,187
143,1170.4,316,2791,187
151,1170.81,317,2792,187
159,1171.14,315,2793,187
162,1171.31,310,2794,187
165,1171.51,311,2795,187
169,1171.78,310,2796,187
174,1172.03,315,2797,187
176,1172.44,316,2798,187
180,1172.83,316,2799,187
179,1173.16,312,2800,187
181,1173.58,312,2801,187
176,1173.89,315,2802,187
170,1174.22,317,2803,187
162,1174.54,311,2804,187
154,1174.89,305,2805,187
145,1175.37,310,2806,188
140,1176.07,308,2807,188
139,1176.48,313,2808,188
145,1176.86,318,2809,188
153,1177.04,318,2810,188
158,1177.21,317,2811,188
160,1177.41,314,2812,188
165,1177.74,314,2813,188
170,1178.07,317,2814,188
174,1178.44,319,2815,188
177,1178.73,319,2816,188
177,1179.1,318,2817,188
178,1179.47,315,2818,188
178,1179.67,315,2819,188
175,1179.98,315,2820,188
170,1180.25,319,2821,188
161,1180.61,314,2822,188
149,1181.09,312,2823,188
143,1181.55,312,2824,189
138,1182.03,312,2825,189
138,1182.46,314,2826,189
143,1182.8,322,2827,189
149,1183,321,2828,189
155,1183.32,317,2829,189
160,1183.76,316,2830,189
167,1184.02,315,2831,189
173,1184.33,318,2832,189
175,1184.81,320,2833,189
178,1185.26,318,2834,189
177,1185.62,314,2835,189
177,1185.92,316,2836,189
175,1186.2,318,2837,189
170,1186.38,321,2838,189
168,1186.63,321,2839,189
161,1186.99,315,2840,189
152,1187.35,311,2841,189
143,1187.93,313,2842,190
136,1188.55,314,2843,190
135,1189,314,2844,190
140,1189.33,321,2845,190
147,1189.6,324,2846,190
151,1189.87,320,2847,190
155,1190.01,314,2848,190
155,1190.11,314,2849,190
157,1190.25,315,2850,190
158,1190.45,316,2851,190
163,1190.64,319,2852,190
166,1190.86,321,2853,190
169,1191.15,323,2854,190
173,1191.39,322,2855,190
177,1191.6,319,2856,190
178,1191.79,318,2857,190
179,1191.91,317,2858,190
178,1192.04,320,2859,190
178,1192.18,320,2860,190
177,1192.29,319,2861,190
176,1192.42,320,2862,190
175,1192.68,318,2863,190
171,1192.95,322,2864,190
166,1193.18,321,2865,190
159,1193.46,316,2866,190
152,1193.87,315,2867,191
145,1194.3,310,2868,191
140,1194.72,317,2869,191
139,1195.21,321,2870,191
143,1195.76,323,2871,191
154,1196.16,317,2872,191
159,1196.55,318,2873,191
165,1196.94,324,2874,191
168,1197.33,323,2875,191
173,1197.73,324,2876,191
173,1198.02,322,2877,191
173,1198.37,323,2878,191
173,1198.68,322,2879,191
170,1198.96,323,2880,191
165,1199.21,323,2881,191
160,1199.52,318,2882,191
149,1199.99,319,2883,191
143,1200.52,314,2884,192
138,1201.06,318,2885,192
139,1201.64,325,2886,192
150,1202.25,323,2887,192
157,1202.69,321,2888,192
163,1203.19,323,2889,192
166,1203.7,326,2890,192
167,1204.16,323,2891,192
172,1204.59,326,2892,192
173,1204.99,324,2893,192
169,1205.45,326,2894,192
162,1205.92,324,2895,192
151,1206.41,320,2896,193
146,1206.95,316,2897,193
141,1207.48,321,2898,193
142,1208.18,327,2899,193
150,1208.78,324,2900,193
156,1209.26,323,2901,193
164,1209.68,326,2902,193
170,1210.09,327,2903,193
173,1210.49,325,2904,193
173,1210.83,324,2905,193
173,1211.18,325,2906,193
172,1211.61,323,2907,193
164,1211.94,328,2908,193
158,1212.18,324,2909,193
151,1212.49,317,2910,193
147,1213,321,2911,194
142,1213.56,321,2912,194
140,1214.1,325,2913,194
140,1214.71,331,2914,194
152,1215.29,322,2915,194
157,1215.78,325,2916,194
163,1216.25,327,2917,194
167,1216.66,330,2918,194
172,1217.03,325,2919,194
173,1217.36,328,2920,194
170,1217.82,326,2921,194
168,1218.12,329,2922,194
164,1218.5,330,2923,194
156,1218.82,323,2924,194
149,1219.2,321,2925,195
146,1219.64,319,2926,195
140,1220.19,325,2927,195
139,1220.74,330,2928,195
145,1221.21,328,2929,195
153,1221.71,323,2930,195
160,1222.09,329,2931,195
165,1222.44,328,2932,195
169,1222.89,330,2933,195
170,1223.27,329,2934,195
171,1223.57,330,2935,195
171,1223.98,329,2936,195
168,1224.46,331,2937,195
161,1224.81,329,2938,195
151,1225.27,324,2939,196
144,1225.78,322,2940,196
140,1226.28,326,2941,196
136,1226.82,329,2942,196
138,1227.37,333,2943,196
148,1227.87,329,2944,196
154,1228.43,328,2945,196
158,1228.86,331,2946,196
165,1229.32,334,2947,196
170,1229.64,331,2948,196
170,1229.87,330,2949,196
172,1230.29,331,2950,196
169,1230.63,330,2951,196
165,1230.9,333,2952,196
161,1231.28,331,2953,196
151,1231.64,327,2954,197
145,1232.16,325,2955,197
138,1232.75,326,2956,197
137,1233.37,333,2957,197
142,1233.97,333,2958,197
152,1234.44,329,2959,197
159,1234.9,332,2960,197
164,1235.33,332,2961,197
172,1235.69,333,2962,197
173,1236.08,332,2963,197
172,1236.4,332,2964,197
169,1236.81,333,2965,197
163,1237.28,334,2966,197
154,1237.72,327,2967,197
143,1238.28,327,2968,198
136,1238.81,330,2969,198
134,1239.38,333,2970,198
138,1240.13,337,2971,198
150,1240.65,330,2972,198
159,1241.15,333,2973,198
165,1241.72,335,2974,198
173,1242.14,334,2975,198
171,1242.56,332,2976,198
169,1242.92,333,2977,198
168,1243.35,335,2978,198
161,1243.81,334,2979,198
149,1244.3,331,2980,199
141,1244.93,326,2981,199
133,1245.47,330,2982,199
132,1245.92,336,2983,199
139,1246.43,339,2984,199
145,1246.93,331,2985,199
153,1247.38,334,2986,199
161,1247.8,337,2987,199
168,1248.25,338,2988,199
169,1248.6,336,2989,199
168,1248.88,337,2990,199
169,1249.18,336,2991,199
167,1249.54,337,2992,199
159,1249.97,338,2993,199
149,1250.41,332,2994,200
139,1250.87,328,2995,200
133,1251.43,332,2996,200
132,1251.96,333,2997,200
135,1252.63,342,2998,200
144,1253.17,332,2999,200
152,1253.64,336,3000,200
160,1254.07,339,3001,200
165,1254.48,339,3002,200
167,1254.93,337,3003,200
167,1255.17,340,3004,200
167,1255.48,335,3005,200
165,1255.95,338,3006,200
155,1256.38,338,3007,200
146,1256.82,333,3008,201
137,1257.29,332,3009,201
133,1257.79,335,3010,201
130,1258.32,336,3011,201
134,1259,341,3012,201
146,1259.45,335,3013,201
152,1259.91,338,3014,201
160,1260.29,341,3015,201
165,1260.67,341,3016,201
167,1261.12,340,3017,201
165,1261.51,340,3018,201
166,1261.92,340,3019,201
162,1262.28,339,3020,201
154,1262.76,339,3021,201
141,1263.31,333,3022,202
133,1263.82,332,3023,202
129,1264.37,336,3024,202
131,1264.93,340,3025,202
135,1265.54,343,3026,202
147,1266.05,336,3027,202
158,1266.51,339,3028,202
163,1266.88,343,3029,202
167,1267.27,343,3030,202
168,1267.59,342,3031,202
167,1268,341,3032,202
165,1268.43,340,3033,202
158,1268.91,343,3034,202
148,1269.41,338,3035,203
134,1270.01,334,3036,203
126,1270.61,337,3037,203
129,1271.28,341,3038,203
137,1271.89,344,3039,203
146,1272.33,337,3040,203
155,1272.58,343,3041,203
159,1272.91,347,3042,203
165,1273.21,344,3043,203
165,1273.45,343,3044,203
166,1273.77,343,3045,203
165,1274.09,344,3046,203
164,1274.41,342,3047,203
161,1274.74,344,3048,203
153,1275.05,343,3049,203
145,1275.38,338,3050,203
137,1275.77,336,3051,204
130,1276.18,338,3052,204
126,1276.58,340,3053,204
127,1277.01,341,3054,204
131,1277.49,347,3055,204
136,1277.94,345,3056,204
144,1278.29,340,3057,204
151,1278.79,344,3058,204
154,1279.26,344,3059,204
162,1279.62,347,3060,204
162,1280.04,345,3061,204
163,1280.37,347,3062,204
162,1280.77,345,3063,204
161,1281.13,345,3064,204
154,1281.48,346,3065,204
145,1281.86,340,3066,205
134,1282.29,340,3067,205
128,1282.73,339,3068,205
125,1283.23,341,3069,205
127,1283.79,348,3070,205
133,1284.33,347,3071,205
139,1284.85,341,3072,205
151,1285.42,347,3073,205
156,1285.85,348,3074,205
163,1286.36,345,3075,205
161,1286.81,345,3076,205
162,1287.09,346,3077,205
159,1287.56,347,3078,205
149,1288.03,347,3079,205
136,1288.53,342,3080,206
126,1289.08,340,3081,206
122,1289.67,344,3082,206
128,1290.36,349,3083,206
133,1290.89,347,3084,206
144,1291.38,344,3085,206
149,1291.94,351,3086,206
159,1292.38,348,3087,206
160,1292.72,349,3088,206
162,1293.01,347,3089,206
161,1293.24,349,3090,206
162,1293.64,346,3091,206
157,1294.04,350,3092,206
149,1294.31,350,3093,206
141,1294.45,344,3094,207
135,1294.67,343,3095,207
129,1294.97,342,3096,207
123,1295.3,343,3097,207
122,1295.62,345,3098,207
120,1295.96,345,3099,207
125,1296.27,351,3100,207
130,1296.58,353,3101,207
128,1296.92,351,3102,207
134,1297.24,346,3103,207
139,1297.6,345,3104,207
147,1297.94,350,3105,207
151,1298.33,351,3106,207
154,1298.69,353,3107,207
158,1299.03,350,3108,207
162,1299.28,349,3109,207
159,1299.63,350,3110,207
157,1299.9,349,3111,207
154,1300.12,351,3112,207
149,1300.42,352,3113,207
141,1300.79,346,3114,208
130,1301.16,346,3115,208
120,1301.54,346,3116,208
118,1301.89,347,3117,208
119,1302.28,348,3118,208
122,1302.72,355,3119,208
124,1303.16,355,3120,208
130,1303.58,348,3121,208
140,1304,348,3122,208
146,1304.41,352,3123,208
153,1304.68,349,3124,208
155,1304.92,353,3125,208
159,1305.1,351,3126,208
159,1305.28,351,3127,208
160,1305.45,350,3128,208
159,1305.59,352,3129,208
157,1305.79,349,3130,208
158,1305.91,348,3131,208
156,1306.03,351,3132,208
153,1306.24,351,3133,208
150,1306.54,355,3134,208
144,1306.82,352,3135,208
135,1306.99,349,3136,209
130,1307.19,347,3137,209
123,1307.63,346,3138,209
120,1307.94,347,3139,209
116,1308.31,347,3140,209
120,1308.73,349,3141,209
122,1309.23,357,3142,209
123,1309.64,352,3143,209
132,1310.05,348,3144,209
141,1310.41,352,3145,209
146,1310.73,355,3146,209
150,1311.13,355,3147,209
152,1311.48,356,3148,209
159,1311.84,352,3149,209
155,1312.15,354,3150,209
153,1312.58,354,3151,209
146,1312.97,355,3152,209
137,1313.35,350,3153,210
122,1313.77,349,3154,210
116,1314.2,347,3155,210
110,1314.58,348,3156,210
114,1315.05,352,3157,210
120,1315.59,358,3158,210
120,1316.02,355,3159,210
127,1316.45,351,3160,210
139,1316.9,355,3161,210
145,1317.31,357,3162,210
146,1317.63,358,3163,210
149,1318.05,355,3164,210
154,1318.39,356,3165,210
151,1318.83,353,3166,210
145,1319.16,356,3167,210
139,1319.54,356,3168,211
125,1319.95,352,3169,211
112,1320.35,351,3170,211
106,1320.76,350,3171,211
104,1321.17,351,3172,211
111,1321.65,358,3173,211
117,1322.1,360,3174,211
117,1322.48,352,3175,211
126,1322.9,355,3176,211
133,1323.34,359,3177,211
138,1323.75,359,3178,211
143,1324.21,358,3179,211
149,1324.44,356,3180,211
148,1324.93,357,3181,211
141,1325.33,358,3182,211
135,1325.75,358,3183,211
122,1326.13,354,3184,212
112,1326.57,352,3185,212
105,1327.03,351,3186,212
98,1327.51,352,3187,212
104,1328.03,360,3188,212
113,1328.45,361,3189,212
116,1328.93,357,3190,212
122,1329.28,354,3191,212
129,1329.63,359,3192,212
133,1329.96,359,3193,212
137,1330.27,361,3194,212
141,1330.68,359,3195,212
144,1330.93,360,3196,212
143,1331.37,357,3197,212
138,1331.8,360,3198,212
128,1332.05,359,3199,213
115,1332.36,355,3200,213
110,1332.79,354,3201,213
99,1333.26,354,3202,213
92,1333.82,355,3203,213
97,1334.43,361,3204,213
101,1334.9,361,3205,213
112,1335.34,357,3206,213
121,1335.91,360,3207,213
123,1336.35,364,3208,213
125,1336.77,363,3209,213
136,1337.14,360,3210,213
136,1337.47,363,3211,213
132,1337.94,360,3212,213
127,1338.4,362,3213,214
110,1338.87,357,3214,214
104,1339.4,356,3215,214
91,1339.97,355,3216,214
87,1340.64,358,3217,214
90,1341.29,364,3218,214
97,1341.73,358,3219,214
107,1342.14,360,3220,214
115,1342.5,364,3221,214
121,1342.85,364,3222,214
116,1342.97,363,3223,214
123,1343.02,362,3224,214
