127,-0.49,14,94,1
127,-1.25,26,95,1
138,-2.12,24,96,1
132,-2.94,28,97,1
113,-3.64,26,98,1
99,-4.17,20,99,1
95,-4.82,21,100,1
92,-5.81,17,101,1
114,-6.68,17,102,2
127,-7.56,24,103,2
136,-8.47,17,104,2
131,-9.33,26,105,2
116,-10.27,17,106,2
94,-11.30,17,107,2
97,-12.37,25,108,2
116,-13.24,14,109,3
128,-14.33,29,110,3
139,-15.34,17,111,3
125,-16.20,25,112,3
104,-17.03,17,113,3
94,-18.01,16,114,3
99,-18.91,13,115,4
116,-19.70,18,116,4
128,-20.59,18,117,4
137,-21.50,14,118,4
129,-22.35,21,119,4
118,-23.09,18,120,4
99,-23.83,17,121,4
94,-24.68,16,122,4
100,-25.53,15,123,5
119,-26.64,12,124,5
130,-27.74,11,125,5
133,-28.79,19,126,5
116,-29.53,18,127,5
95,-30.36,17,128,5
91,-31.28,21,129,5
110,-32.09,15,130,6
124,-32.91,22,131,6
131,-33.78,16,132,6
139,-34.66,21,133,6
123,-35.46,20,134,6
103,-36.24,18,135,6
91,-37.02,14,136,6
100,-37.93,14,137,7
115,-38.81,8,138,7
132,-39.68,15,139,7
137,-40.67,16,140,7
128,-41.39,20,141,7
108,-42.17,13,142,7
96,-42.97,19,143,7
90,-43.58,16,144,7
103,-43.63,8,145,7
104,-43.49,15,146,7
94,-43.01,18,147,7
94,-42.38,16,148,7
94,-41.75,17,149,7
107,-41.12,13,150,7
123,-40.40,11,151,7
137,-39.67,20,152,7
135,-38.94,16,153,7
133,-38.23,15,154,7
119,-37.56,20,155,6
106,-36.87,7,156,6
86,-36.12,17,157,6
96,-35.49,7,158,6
102,-35.02,20,159,6
114,-34.47,17,160,6
128,-33.90,15,161,6
138,-33.25,14,162,6
133,-32.55,15,163,6
130,-31.90,11,164,6
119,-31.33,12,165,5
106,-30.73,13,166,5
92,-30.11,15,167,5
92,-29.55,9,168,5
96,-29.01,21,169,5
107,-28.34,19,170,5
122,-27.69,18,171,5
134,-27.02,20,172,5
139,-26.36,18,173,5
131,-25.69,20,174,5
124,-25.03,18,175,4
110,-24.55,16,176,4
99,-23.97,8,177,4
88,-23.34,13,178,4
96,-22.81,19,179,4
102,-22.25,17,180,4
114,-21.61,15,181,4
131,-20.97,15,182,4
135,-20.21,23,183,4
128,-19.45,18,184,4
126,-18.72,19,185,3
114,-18.26,15,186,3
103,-17.63,19,187,3
87,-16.96,14,188,3
94,-16.36,21,189,3
103,-15.75,22,190,3
115,-15.03,23,191,3
131,-14.30,20,192,3
136,-13.62,20,193,3
123,-12.41,22,194,2
109,-11.91,14,195,2
100,-11.38,15,196,2
88,-10.74,22,197,2
96,-10.15,21,198,2
102,-9.62,28,199,2
115,-8.94,20,200,2
130,-8.32,24,201,2
137,-7.70,21,202,2
132,-6.90,21,203,2
128,-6.26,18,204,1
116,-5.71,19,205,1
106,-5.10,15,206,1
88,-4.39,16,207,1
96,-3.81,24,208,1
102,-3.15,24,209,1
118,-2.49,30,210,1
133,-1.75,24,211,1
136,-0.95,25,212,1
130,-0.26,19,213,1
123,0.38,22,214,1
111,0.89,20,215,1
97,1.55,19,216,1
95,2.20,22,217,1
97,2.82,27,218,1
108,3.55,22,219,1
125,4.20,23,220,1
133,4.81,23,221,1
138,5.50,20,222,1
128,6.22,32,223,1
122,6.76,25,224,2
109,7.33,19,225,2
96,7.91,23,226,2
95,8.54,21,227,2
97,9.23,28,228,2
108,9.89,22,229,2
126,10.65,22,230,2
136,11.41,29,231,2
136,12.02,29,232,2
131,12.74,29,233,3
121,13.24,21,234,3
110,13.83,23,235,3
92,14.58,22,236,3
99,15.30,28,237,3
100,15.95,27,238,3
116,16.80,30,239,3
135,17.68,31,240,3
135,18.50,28,241,3
132,19.14,25,242,4
118,19.64,27,243,4
112,20.08,25,244,4
96,20.63,32,245,4
90,21.20,25,246,4
98,21.71,33,247,4
99,22.24,30,248,4
113,22.63,26,249,4
126,23.13,33,250,4
134,23.72,30,251,4
141,24.27,27,252,4
131,24.89,27,253,4
131,25.43,28,254,5
121,25.89,24,255,5
108,26.36,22,256,5
98,26.90,30,257,5
87,27.46,26,258,5
95,28.07,29,259,5
102,28.69,28,260,5
115,29.42,24,261,5
134,30.07,30,262,5
140,30.78,31,263,5
131,31.40,33,264,5
130,31.95,25,265,6
114,32.42,31,266,6
105,32.84,30,267,6
95,33.52,30,268,6
92,34.12,37,269,6
91,34.66,35,270,6
104,35.33,33,271,6
121,36.09,32,272,6
136,36.79,33,273,6
142,37.28,39,274,6
128,37.94,30,275,7
128,38.43,24,276,7
113,38.97,42,277,7
107,39.42,33,278,7
90,39.96,32,279,7
92,40.55,29,280,7
94,41.08,36,281,7
108,41.86,33,282,7
126,42.61,36,283,7
138,43.26,32,284,7
135,43.92,36,285,7
129,44.53,33,286,8
124,45.00,29,287,8
110,45.50,34,288,8
102,45.99,33,289,8
90,46.60,35,290,8
97,47.15,36,291,8
101,47.77,32,292,8
116,48.57,39,293,8
133,49.39,36,294,8
137,50.20,32,295,8
134,50.84,30,296,9
121,51.37,34,297,9
111,51.80,31,298,9
102,52.36,33,299,9
89,52.94,38,300,9
96,53.51,38,301,9
99,54.03,34,302,9
113,54.81,38,303,9
132,55.59,32,304,9
142,56.22,40,305,9
131,56.85,35,306,10
132,57.51,34,307,10
118,57.91,35,308,10
110,58.56,33,309,10
91,58.79,40,310,10
87,58.81,35,311,10
85,59.06,37,312,10
94,59.43,39,313,10
96,59.41,41,314,10
98,59.40,34,315,10
97,59.40,42,316,10
98,59.41,46,317,10
98,59.61,37,318,10
96,59.99,34,319,10
102,60.42,41,320,10
109,61.00,36,321,10
123,61.61,38,322,10
137,62.26,36,323,10
139,62.97,33,324,11
133,63.56,33,325,11
123,64.16,36,326,11
109,64.69,40,327,11
100,65.29,33,328,11
90,65.88,35,329,11
96,66.52,40,330,11
103,67.29,41,331,11
123,68.00,38,332,11
134,68.72,41,333,11
137,69.33,34,334,12
129,69.91,35,335,12
126,70.45,34,336,12
110,71.02,33,337,12
103,71.56,34,338,12
89,71.82,35,339,12
98,71.81,41,340,12
96,71.82,37,341,12
95,71.84,44,342,12
99,71.87,41,343,12
98,71.86,43,344,12
99,71.86,44,345,12
99,72.03,40,346,12
96,72.27,45,347,12
98,72.54,36,348,12
100,72.62,38,349,12
100,72.64,40,350,12
100,72.63,45,351,12
102,72.77,42,352,12
105,73.11,40,353,12
110,73.51,35,354,12
117,74.02,42,355,12
128,74.62,36,356,12
131,75.28,51,357,12
137,75.84,42,358,13
124,76.32,39,359,13
126,76.60,37,360,13
121,76.75,37,361,13
116,77.26,40,362,13
112,77.61,36,363,13
96,78.10,33,364,13
96,78.36,39,365,13
100,78.35,42,366,13
102,78.39,39,367,13
99,78.57,47,368,13
100,78.98,48,369,13
102,79.50,39,370,13
112,80.13,42,371,13
126,80.67,42,372,13
132,81.27,45,373,13
136,81.92,41,374,14
124,82.50,42,375,14
127,82.92,41,376,14
119,83.48,38,377,14
110,84.12,36,378,14
91,84.76,36,379,14
100,85.32,39,380,14
101,85.82,36,381,14
111,86.54,44,382,14
126,87.30,49,383,14
133,88.11,48,384,15
127,88.77,39,385,15
125,89.40,38,386,15
117,89.92,36,387,15
110,90.50,43,388,15
91,91.09,43,389,15
102,91.58,47,390,15
100,92.05,46,391,15
108,92.64,46,392,15
121,93.21,46,393,15
131,93.83,43,394,15
136,94.39,48,395,16
133,94.94,43,396,16
127,95.39,44,397,16
124,95.91,41,398,16
115,96.40,42,399,16
107,97.04,46,400,16
94,97.55,44,401,16
99,98.03,43,402,16
102,98.57,45,403,16
114,99.27,42,404,16
127,99.96,42,405,16
132,100.74,50,406,17
127,101.46,40,407,17
125,102.12,41,408,17
118,102.63,46,409,17
110,103.28,44,410,17
99,104.02,45,411,17
100,104.67,52,412,17
105,105.40,47,413,17
122,106.15,45,414,17
130,107.10,49,415,18
128,107.78,57,416,18
124,108.41,36,417,18
121,108.96,42,418,18
110,109.52,48,419,18
99,110.20,44,420,18
103,110.86,49,421,18
98,111.60,44,422,18
114,112.36,45,423,18
131,113.19,50,424,19
138,113.96,49,425,19
127,114.63,46,426,19
125,115.21,47,427,19
112,115.82,42,428,19
104,116.55,48,429,19
99,117.24,46,430,19
101,117.95,50,431,19
116,118.77,51,432,19
130,119.62,50,433,20
136,120.42,53,434,20
126,121.10,46,435,20
120,121.73,50,436,20
112,122.43,51,437,20
96,123.10,48,438,20
100,123.66,54,439,20
102,124.31,55,440,20
117,124.98,48,441,20
129,125.68,49,442,21
134,126.37,51,443,21
119,126.94,54,444,21
128,127.50,46,445,21
119,127.94,47,446,21
112,128.43,47,447,21
99,129.07,48,448,21
101,129.68,59,449,21
99,130.32,56,450,21
111,131.00,59,451,21
125,131.64,52,452,21
132,132.16,57,453,22
138,132.51,57,454,22
128,132.93,51,455,22
127,133.35,54,456,22
130,133.83,52,457,22
122,134.23,54,458,22
114,134.50,46,459,22
106,134.94,54,460,22
94,135.43,54,461,22
100,135.95,55,462,22
96,136.53,52,463,22
104,137.13,57,464,22
115,137.78,50,465,22
129,138.43,55,466,23
134,139.08,58,467,23
134,139.64,60,468,23
122,140.16,62,469,23
123,140.66,57,470,23
115,141.05,54,471,23
110,141.53,53,472,23
93,142.01,62,473,23
103,142.56,57,474,23
99,143.10,55,475,23
106,143.65,52,476,23
118,144.29,57,477,23
131,144.88,56,478,24
134,145.44,55,479,24
135,145.98,64,480,24
124,146.50,53,481,24
125,146.91,53,482,24
119,147.23,47,483,24
114,147.43,64,484,24
112,147.70,58,485,24
98,148.13,57,486,24
93,148.58,59,487,24
99,148.88,54,488,24
98,148.90,54,489,24
98,148.87,58,490,24
101,148.92,58,491,24
99,149.27,50,492,24
105,149.50,54,493,24
112,149.91,63,494,24
121,150.53,58,495,24
130,151.15,61,496,25
134,151.68,58,497,25
134,152.21,65,498,25
126,152.77,58,499,25
123,153.33,55,500,25
117,153.74,55,501,25
113,154.20,51,502,25
95,154.65,54,503,25
103,155.14,55,504,25
104,155.57,64,505,25
108,155.98,61,506,25
117,156.58,57,507,25
125,157.27,58,508,26
130,158.02,58,509,26
133,158.67,53,510,26
125,159.25,52,511,26
121,159.79,60,512,26
118,160.17,57,513,26
107,160.64,63,514,26
96,161.14,63,515,26
102,161.72,66,516,26
105,162.24,68,517,26
110,162.90,60,518,26
123,163.50,62,519,27
132,164.08,63,520,27
134,164.72,60,521,27
122,165.30,59,522,27
128,165.85,59,523,27
119,166.42,54,524,27
109,166.86,59,525,27
97,167.36,59,526,27
102,167.94,56,527,27
105,168.54,61,528,27
112,169.16,58,529,27
123,169.78,60,530,28
133,170.50,65,531,28
131,171.19,57,532,28
123,171.68,56,533,28
123,172.22,63,534,28
113,172.80,58,535,28
103,173.23,62,536,28
98,173.85,62,537,28
105,174.42,63,538,28
106,174.97,66,539,28
115,175.60,65,540,28
123,176.27,63,541,29
133,176.84,66,542,29
130,177.37,71,543,29
119,177.91,57,544,29
126,178.45,56,545,29
118,178.98,59,546,29
106,179.42,57,547,29
96,179.96,62,548,29
105,180.48,62,549,29
104,180.89,61,550,29
108,181.31,73,551,29
112,181.94,57,552,29
122,182.54,64,553,30
131,183.02,72,554,30
132,183.51,70,555,30
127,184.19,61,556,30
125,184.82,60,557,30
117,185.48,59,558,30
104,186.00,62,559,30
97,186.49,61,560,30
104,187.03,60,561,30
105,187.45,63,562,30
111,187.99,66,563,30
121,188.65,68,564,31
127,189.34,69,565,31
133,189.95,66,566,31
127,190.53,62,567,31
121,191.09,62,568,31
119,191.69,62,569,31
111,192.09,61,570,31
99,192.67,61,571,31
102,193.09,62,572,31
102,193.55,75,573,31
106,193.96,71,574,31
115,194.54,69,575,31
125,195.17,58,576,32
132,195.59,71,577,32
134,196.08,75,578,32
129,196.77,66,579,32
121,197.39,66,580,32
115,197.94,65,581,32
110,198.36,66,582,32
95,198.95,62,583,32
103,199.53,72,584,32
103,199.91,63,585,32
110,200.49,64,586,32
120,201.15,65,587,33
129,201.67,72,588,33
134,202.16,68,589,33
128,202.75,69,590,33
117,203.36,65,591,33
121,203.88,71,592,33
112,204.29,65,593,33
103,204.77,65,594,33
95,205.19,72,595,33
105,205.62,65,596,33
102,206.04,71,597,33
107,206.49,69,598,33
112,207.06,63,599,33
125,207.62,76,600,34
129,208.17,69,601,34
134,208.73,74,602,34
125,209.27,73,603,34
119,209.81,70,604,34
116,210.28,68,605,34
110,210.66,64,606,34
102,210.99,71,607,34
97,211.54,65,608,34
104,211.92,68,609,34
103,212.30,74,610,34
105,212.73,76,611,34
113,213.27,73,612,34
121,213.85,73,613,35
128,214.48,73,614,35
133,215.07,66,615,35
124,215.60,70,616,35
118,216.14,73,617,35
118,216.62,71,618,35
109,217.23,69,619,35
100,217.73,72,620,35
102,218.20,74,621,35
103,218.79,63,622,35
107,219.33,72,623,35
115,219.94,76,624,36
125,220.50,75,625,36
130,221.10,74,626,36
132,221.72,73,627,36
122,222.33,69,628,36
119,222.88,69,629,36
113,223.35,70,630,36
102,223.84,71,631,36
100,224.26,75,632,36
105,224.54,75,633,36
103,224.98,69,634,36
105,225.41,70,635,36
110,225.91,73,636,36
119,226.38,83,637,37
128,226.94,70,638,37
130,227.44,82,639,37
132,227.88,77,640,37
128,228.26,73,641,37
120,228.73,76,642,37
123,229.11,69,643,37
117,229.49,69,644,37
108,229.91,72,645,37
103,230.32,78,646,37
97,230.84,76,647,37
106,231.29,75,648,37
107,231.76,72,649,37
111,232.25,80,650,37
119,232.86,70,651,38
128,233.37,70,652,38
131,233.93,80,653,38
132,234.60,74,654,38
119,235.26,83,655,38
116,235.66,79,656,38
118,235.64,73,657,38
119,235.64,73,658,38
116,235.65,77,659,38
118,235.64,76,660,38
116,235.64,74,661,38
114,235.67,78,662,38
117,235.67,74,663,38
117,235.66,73,664,38
117,235.63,77,665,38
116,235.64,76,666,38
116,235.66,76,667,38
118,235.93,77,668,38
111,236.35,76,669,38
98,236.76,74,670,38
94,237.10,74,671,38
99,237.63,73,672,38
101,238.17,85,673,38
110,238.69,78,674,38
118,239.19,75,675,39
130,239.69,79,676,39
137,240.29,79,677,39
138,240.79,82,678,39
128,241.41,79,679,39
125,241.96,84,680,39
117,242.40,72,681,39
109,242.79,76,682,39
100,243.23,71,683,39
95,243.58,77,684,39
101,243.95,75,685,39
100,244.43,77,686,39
107,245.00,80,687,39
119,245.57,81,688,40
130,246.04,81,689,40
135,246.51,82,690,40
138,246.97,86,691,40
124,247.40,80,692,40
128,247.89,78,693,40
122,248.33,81,694,40
116,248.68,81,695,40
108,248.97,76,696,40
101,249.27,82,697,40
95,249.67,83,698,40
99,250.01,74,699,40
103,250.49,80,700,40
104,251.08,83,701,40
113,251.66,80,702,41
127,252.28,78,703,41
134,252.74,84,704,41
140,252.89,84,705,41
139,253.13,84,706,41
130,253.61,79,707,41
131,254.04,78,708,41
124,254.56,80,709,41
117,254.93,79,710,41
111,255.29,81,711,41
97,255.79,79,712,41
97,256.24,84,713,41
103,256.62,86,714,41
103,257.02,81,715,41
108,257.49,89,716,41
117,258.02,84,717,42
129,258.63,83,718,42
133,259.20,77,719,42
138,259.43,84,720,42
136,259.56,79,721,42
133,259.93,80,722,42
129,260.32,79,723,42
124,260.83,80,724,42
117,261.33,81,725,42
109,261.67,78,726,42
99,261.97,74,727,42
96,262.38,82,728,42
103,262.78,81,729,42
101,263.36,88,730,42
109,264.01,86,731,43
122,264.59,82,732,43
127,265.19,84,733,43
139,265.66,88,734,43
131,266.10,78,735,43
124,266.57,82,736,43
124,267.11,81,737,43
117,267.54,75,738,43
109,267.98,81,739,43
96,268.51,87,740,43
101,269.03,82,741,43
101,269.69,87,742,43
110,270.31,84,743,44
121,271.06,91,744,44
133,271.74,85,745,44
137,272.25,85,746,44
125,272.66,79,747,44
126,273.23,84,748,44
115,273.79,86,749,44
112,274.21,81,750,44
102,274.68,89,751,44
98,275.23,85,752,44
103,275.80,85,753,44
106,276.43,84,754,44
121,277.08,87,755,45
131,277.68,84,756,45
137,278.18,87,757,45
134,278.80,92,758,45
134,279.34,86,759,45
124,279.95,80,760,45
112,280.44,91,761,45
100,280.99,86,762,45
97,281.55,86,763,45
100,282.13,91,764,45
105,282.67,86,765,45
116,283.33,88,766,46
131,283.95,83,767,46
137,284.46,89,768,46
135,284.90,90,769,46
126,285.36,91,770,46
129,285.40,85,771,46
129,285.53,84,772,46
125,285.98,82,773,46
112,286.45,86,774,46
106,286.86,87,775,46
94,287.21,87,776,46
101,287.68,85,777,46
101,288.20,85,778,46
106,288.68,88,779,46
115,289.27,87,780,47
129,289.91,89,781,47
135,290.41,90,782,47
138,290.87,87,783,47
132,291.32,85,784,47
130,291.78,84,785,47
126,292.17,88,786,47
117,292.54,87,787,47
111,292.93,90,788,47
102,293.38,92,789,47
94,293.91,87,790,47
104,294.44,88,791,47
104,294.90,89,792,47
112,295.46,85,793,48
125,295.96,92,794,48
132,296.48,81,795,48
139,296.87,90,796,48
134,297.30,87,797,48
127,297.64,90,798,48
129,298.02,86,799,48
125,298.56,89,800,48
114,298.94,87,801,48
108,299.28,82,802,48
100,299.65,86,803,48
94,300.04,88,804,48
103,300.44,86,805,48
99,300.89,92,806,48
104,301.35,90,807,48
115,301.87,92,808,49
128,302.43,92,809,49
136,302.90,88,810,49
138,303.36,87,811,49
130,303.95,90,812,49
131,304.33,92,813,49
124,304.85,88,814,49
116,305.22,95,815,49
111,305.53,99,816,49
101,305.89,87,817,49
94,306.25,95,818,49
102,306.62,91,819,49
103,307.06,97,820,49
104,307.46,97,821,49
112,307.95,90,822,50
123,308.52,91,823,50
135,309.09,94,824,50
139,309.51,96,825,50
138,309.83,97,826,50
128,310.19,93,827,50
130,310.59,95,828,50
125,311.08,88,829,50
118,311.55,92,830,50
110,311.90,93,831,50
96,312.28,98,832,50
95,312.67,93,833,50
103,313.04,93,834,50
100,313.40,99,835,50
105,313.85,95,836,50
113,314.46,96,837,51
129,315.15,96,838,51
139,315.66,97,839,51
137,316.13,91,840,51
128,316.52,86,841,51
129,317.07,94,842,51
120,317.61,93,843,51
112,317.98,90,844,51
102,318.32,95,845,51
95,318.66,90,846,51
101,319.00,97,847,51
102,319.41,93,848,51
104,319.87,95,849,51
111,320.48,95,850,52
126,321.02,99,851,52
134,321.56,98,852,52
140,322.01,104,853,52
135,322.43,96,854,52
128,322.91,93,855,52
128,323.42,87,856,52
120,323.89,96,857,52
109,324.34,95,858,52
103,324.74,94,859,52
96,325.13,99,860,52
105,325.58,101,861,52
103,326.05,102,862,52
110,326.61,102,863,52
122,327.14,98,864,53
135,327.78,101,865,53
140,328.37,98,866,53
136,328.79,94,867,53
132,329.21,97,868,53
130,329.75,99,869,53
121,330.11,87,870,53
112,330.55,99,871,53
112,331.00,94,872,53
95,331.41,94,873,53
100,331.84,98,874,53
104,332.28,105,875,53
107,332.71,104,876,53
116,333.25,102,877,54
126,333.78,106,878,54
135,334.40,102,879,54
138,334.82,103,880,54
134,335.07,94,881,54
131,335.40,98,882,54
133,335.79,96,883,54
130,336.13,96,884,54
121,336.38,98,885,54
118,336.77,101,886,54
111,337.14,93,887,54
96,337.60,90,888,54
102,338.07,95,889,54
105,338.50,101,890,54
104,339.03,104,891,54
112,339.64,98,892,55
128,340.29,109,893,55
136,341.01,99,894,55
139,341.50,97,895,55
129,341.86,91,896,55
131,342.38,102,897,55
125,342.94,108,898,55
114,343.42,98,899,55
101,343.91,106,900,55
98,344.45,98,901,55
103,344.96,96,902,55
105,345.44,100,903,55
116,346.02,103,904,56
130,346.70,101,905,56
139,347.35,104,906,56
135,347.86,101,907,56
134,348.31,102,908,56
132,348.89,107,909,56
122,349.44,98,910,56
111,349.97,92,911,56
100,350.45,95,912,56
101,350.92,103,913,56
103,351.50,109,914,56
108,352.13,105,915,57
122,352.80,107,916,57
135,353.41,95,917,57
141,354.01,102,918,57
129,354.44,101,919,57
133,354.89,101,920,57
129,355.38,105,921,57
122,355.91,98,922,57
112,356.54,106,923,57
96,357.01,102,924,57
106,357.48,102,925,57
105,358.04,102,926,57
111,358.53,105,927,58
122,359.16,108,928,58
132,359.81,109,929,58
138,360.38,106,930,58
130,360.94,100,931,58
128,361.47,114,932,58
126,361.98,104,933,58
116,362.30,109,934,58
111,362.64,101,935,58
102,362.98,106,936,58
99,363.49,113,937,58
108,363.99,98,938,58
106,364.32,108,939,58
109,364.74,106,940,59
118,365.37,108,941,59
131,366.05,105,942,59
136,366.77,111,943,59
134,367.20,104,944,59
129,367.61,99,945,59
130,368.04,99,946,59
120,368.60,103,947,59
109,369.22,96,948,59
97,369.71,106,949,59
106,370.14,103,950,59
104,370.58,111,951,59
107,371.02,110,952,60
115,371.61,108,953,60
128,372.33,105,954,60
138,372.93,104,955,60
140,373.48,108,956,60
128,373.96,108,957,60
128,374.55,107,958,60
116,375.07,108,959,60
108,375.46,108,960,60
98,375.89,109,961,60
102,376.40,116,962,60
105,376.82,111,963,60
105,377.29,109,964,61
113,377.85,109,965,61
125,378.42,105,966,61
133,379.04,114,967,61
141,379.62,113,968,61
132,379.90,110,969,61
132,380.40,105,970,61
129,380.99,109,971,61
119,381.56,105,972,61
106,382.14,109,973,61
100,382.62,108,974,61
107,383.10,113,975,61
106,383.67,113,976,62
116,384.25,112,977,62
130,384.88,111,978,62
137,385.54,112,979,62
138,386.17,113,980,62
130,386.68,111,981,62
127,387.23,108,982,62
120,387.71,107,983,62
113,388.16,111,984,62
99,388.63,112,985,62
103,389.14,110,986,62
106,389.60,111,987,63
109,390.15,110,988,63
119,390.85,109,989,63
133,391.45,114,990,63
139,392.10,118,991,63
136,392.68,106,992,63
136,393.09,108,993,63
128,393.56,111,994,63
119,394.10,108,995,63
109,394.64,119,996,63
95,395.11,113,997,63
106,395.53,116,998,63
105,396.04,112,999,64
111,396.66,116,1000,64
123,397.31,109,1001,64
132,397.94,115,1002,64
141,398.49,116,1003,64
131,399.00,119,1004,64
130,399.36,109,1005,64
128,399.93,112,1006,64
122,400.34,116,1007,64
113,400.82,111,1008,64
99,401.27,111,1009,64
100,401.79,115,1010,64
106,402.33,115,1011,65
108,402.89,110,1012,65
119,403.46,118,1013,65
132,404.01,110,1014,65
138,404.58,115,1015,65
141,405.12,119,1016,65
131,405.54,108,1017,65
132,405.98,116,1018,65
127,406.40,108,1019,65
121,406.80,115,1020,65
109,407.20,116,1021,65
99,407.61,119,1022,65
99,408.06,116,1023,65
108,408.53,121,1024,66
107,409.12,116,1025,66
115,409.73,121,1026,66
130,410.30,122,1027,66
135,410.83,110,1028,66
142,411.22,117,1029,66
134,411.60,113,1030,66
128,411.88,111,1031,66
131,412.25,111,1032,66
128,412.64,113,1033,66
121,413.10,118,1034,66
114,413.49,114,1035,66
104,413.95,111,1036,66
97,414.34,119,1037,66
107,414.83,123,1038,67
106,415.40,124,1039,67
114,416.05,116,1040,67
128,416.61,114,1041,67
134,417.30,112,1042,67
141,417.85,111,1043,67
128,418.34,116,1044,67
131,418.77,113,1045,67
126,419.29,117,1046,67
118,419.86,115,1047,67
105,420.41,118,1048,67
101,420.90,116,1049,67
105,421.39,118,1050,68
108,421.99,119,1051,68
120,422.71,124,1052,68
135,423.23,121,1053,68
139,423.80,126,1054,68
140,424.25,114,1055,68
129,424.63,125,1056,68
132,425.17,115,1057,68
127,425.53,115,1058,68
118,425.80,123,1059,68
114,426.15,117,1060,68
106,426.51,115,1061,68
95,426.91,116,1062,68
106,427.30,118,1063,69
101,427.69,118,1064,69
106,428.22,120,1065,69
116,428.81,122,1066,69
130,429.35,121,1067,69
137,429.80,120,1068,69
143,430.29,121,1069,69
136,430.53,120,1070,69
127,430.92,116,1071,69
133,431.32,112,1072,69
127,431.86,114,1073,69
115,432.20,117,1074,69
113,432.57,120,1075,69
101,432.97,124,1076,69
97,433.50,114,1077,69
105,434.00,123,1078,70
105,434.49,115,1079,70
114,435.07,124,1080,70
128,435.66,133,1081,70
137,436.26,123,1082,70
144,436.86,126,1083,70
132,437.26,120,1084,70
134,437.69,121,1085,70
129,438.20,125,1086,70
117,438.65,120,1087,70
111,439.00,120,1088,70
98,439.37,125,1089,70
99,439.76,121,1090,70
106,440.09,126,1091,71
104,440.45,128,1092,71
108,440.98,119,1093,71
119,441.57,126,1094,71
134,442.12,122,1095,71
138,442.73,126,1096,71
142,443.26,121,1097,71
133,443.61,130,1098,71
135,443.99,123,1099,71
128,444.54,118,1100,71
118,444.93,125,1101,71
111,445.25,124,1102,71
98,445.69,122,1103,71
101,446.07,130,1104,71
104,446.55,120,1105,72
105,446.97,127,1106,72
113,447.47,124,1107,72
124,448.11,128,1108,72
134,448.69,126,1109,72
143,449.25,128,1110,72
131,449.76,127,1111,72
133,450.13,119,1112,72
130,450.55,124,1113,72
124,450.88,125,1114,72
116,451.20,132,1115,72
111,451.58,121,1116,72
98,452.01,128,1117,72
101,452.43,128,1118,73
107,452.72,126,1119,73
106,453.27,131,1120,73
113,453.88,120,1121,73
126,454.40,127,1122,73
134,455.00,122,1123,73
145,455.44,128,1124,73
135,455.87,122,1125,73
132,456.23,124,1126,73
135,456.75,120,1127,73
128,457.24,128,1128,73
114,457.71,121,1129,73
108,458.03,126,1130,73
97,458.31,120,1131,73
100,458.73,128,1132,74
104,459.10,131,1133,74
104,459.57,131,1134,74
111,460.08,130,1135,74
124,460.66,127,1136,74
134,461.20,127,1137,74
143,461.71,129,1138,74
138,462.09,135,1139,74
127,462.49,124,1140,74
137,462.66,119,1141,74
133,462.84,125,1142,74
132,463.19,131,1143,74
123,463.66,128,1144,74
112,464.08,131,1145,74
104,464.54,126,1146,74
97,464.89,131,1147,74
106,465.22,131,1148,75
102,465.61,125,1149,75
106,466.15,129,1150,75
116,466.82,122,1151,75
130,467.33,129,1152,75
136,467.95,133,1153,75
144,468.40,127,1154,75
133,468.60,125,1155,75
133,468.79,131,1156,75
132,469.11,127,1157,75
132,469.44,127,1158,75
128,469.86,129,1159,75
120,470.23,130,1160,75
115,470.62,129,1161,75
103,471.04,125,1162,75
96,471.42,130,1163,76
107,471.77,135,1164,76
103,472.22,134,1165,76
107,472.82,131,1166,76
119,473.48,134,1167,76
132,474.17,136,1168,76
142,474.71,127,1169,76
138,475.17,134,1170,76
130,475.59,122,1171,76
134,475.92,119,1172,76
130,476.38,135,1173,76
120,476.80,127,1174,76
111,477.28,129,1175,76
95,477.70,136,1176,77
102,478.03,125,1177,77
107,478.38,126,1178,77
105,478.92,132,1179,77
112,479.57,133,1180,77
125,480.20,134,1181,77
135,480.83,135,1182,77
144,481.42,131,1183,77
134,481.78,133,1184,77
126,482.15,128,1185,77
132,482.30,128,1186,77
131,482.60,128,1187,77
124,483.03,131,1188,77
116,483.56,134,1189,77
107,483.94,130,1190,78
96,484.39,131,1191,78
108,484.78,133,1192,78
105,485.44,131,1193,78
116,486.28,132,1194,78
133,486.89,125,1195,78
140,487.66,137,1196,78
134,488.10,133,1197,78
136,488.47,129,1198,78
132,488.88,129,1199,78
126,489.39,128,1200,78
113,489.80,131,1201,78
104,490.26,127,1202,79
97,490.73,131,1203,79
110,491.14,129,1204,79
106,491.66,137,1205,79
114,492.32,138,1206,79
127,492.92,136,1207,79
136,493.58,136,1208,79
144,494.11,133,1209,79
131,494.56,138,1210,79
135,495.05,126,1211,79
129,495.56,136,1212,79
120,495.92,136,1213,79
109,496.24,134,1214,79
99,496.66,124,1215,80
100,497.05,136,1216,80
110,497.38,136,1217,80
105,497.86,138,1218,80
109,498.54,137,1219,80
126,499.23,139,1220,80
139,499.93,130,1221,80
144,500.48,139,1222,80
130,500.92,134,1223,80
134,501.41,135,1224,80
129,501.98,140,1225,80
119,502.41,137,1226,80
108,502.79,140,1227,81
96,503.20,136,1228,81
106,503.60,139,1229,81
106,504.04,140,1230,81
109,504.65,139,1231,81
120,505.41,137,1232,81
136,506.01,136,1233,81
142,506.65,146,1234,81
133,507.12,134,1235,81
135,507.47,135,1236,81
132,507.96,139,1237,81
124,508.45,139,1238,81
117,508.89,133,1239,81
99,509.28,133,1240,82
100,509.71,143,1241,82
108,510.20,138,1242,82
107,510.81,139,1243,82
117,511.46,140,1244,82
132,512.10,144,1245,82
139,512.92,142,1246,82
136,513.47,141,1247,82
135,513.83,134,1248,82
132,514.40,142,1249,82
120,514.95,142,1250,82
110,515.39,141,1251,83
95,515.83,139,1252,83
107,516.26,141,1253,83
106,516.76,140,1254,83
107,517.39,142,1255,83
122,518.12,143,1256,83
138,518.85,135,1257,83
145,519.55,140,1258,83
128,520.02,143,1259,83
133,520.53,138,1260,83
125,521.08,141,1261,83
111,521.62,142,1262,84
101,522.05,140,1263,84
105,522.54,132,1264,84
105,522.98,145,1265,84
108,523.61,145,1266,84
120,524.33,137,1267,84
136,525.04,136,1268,84
146,525.64,144,1269,84
135,526.11,150,1270,84
136,526.54,138,1271,84
128,527.17,135,1272,84
119,527.66,139,1273,84
109,528.11,139,1274,85
102,528.59,140,1275,85
109,529.01,139,1276,85
105,529.57,140,1277,85
112,530.20,140,1278,85
127,530.80,145,1279,85
141,531.48,146,1280,85
146,532.00,147,1281,85
134,532.53,146,1282,85
135,532.86,139,1283,85
129,533.25,137,1284,85
124,533.75,145,1285,85
117,534.19,141,1286,86
104,534.58,148,1287,86
104,535.07,143,1288,86
107,535.57,147,1289,86
107,536.26,143,1290,86
122,536.95,142,1291,86
136,537.57,147,1292,86
145,538.28,154,1293,86
131,538.68,147,1294,86
133,539.11,144,1295,86
133,539.58,144,1296,86
122,540.02,140,1297,86
115,540.31,137,1298,86
107,540.63,148,1299,87
101,541.00,145,1300,87
106,541.46,142,1301,87
108,541.86,148,1302,87
106,542.48,147,1303,87
117,543.08,149,1304,87
132,543.58,149,1305,87
138,544.24,147,1306,87
145,544.71,144,1307,87
135,545.11,146,1308,87
137,545.57,138,1309,87
127,546.12,139,1310,87
115,546.70,146,1311,88
101,547.13,150,1312,88
103,547.48,148,1313,88
112,547.86,148,1314,88
109,548.25,149,1315,88
111,548.86,149,1316,88
122,549.49,142,1317,88
134,549.99,146,1318,88
140,550.58,146,1319,88
146,550.97,146,1320,88
133,551.42,140,1321,88
137,551.82,147,1322,88
129,552.34,146,1323,88
119,552.73,146,1324,88
113,553.01,144,1325,89
104,553.48,142,1326,89
107,553.89,151,1327,89
108,554.41,148,1328,89
110,554.95,148,1329,89
118,555.51,151,1330,89
132,556.04,149,1331,89
138,556.74,156,1332,89
147,557.11,150,1333,89
136,557.50,142,1334,89
136,557.91,141,1335,89
132,558.38,153,1336,89
125,558.89,151,1337,89
117,559.23,156,1338,90
106,559.57,153,1339,90
101,559.91,142,1340,90
107,560.32,147,1341,90
108,560.81,151,1342,90
109,561.41,148,1343,90
119,561.99,147,1344,90
133,562.55,151,1345,90
139,563.17,148,1346,90
144,563.66,152,1347,90
131,563.99,146,1348,90
140,564.30,153,1349,90
135,564.74,150,1350,90
126,565.25,146,1351,90
117,565.68,155,1352,91
103,566.08,150,1353,91
101,566.45,151,1354,91
112,566.85,161,1355,91
106,567.40,151,1356,91
114,567.92,156,1357,91
125,568.44,153,1358,91
134,569.10,159,1359,91
145,569.53,155,1360,91
141,569.89,150,1361,91
133,570.18,149,1362,91
143,570.48,150,1363,91
134,570.87,154,1364,91
129,571.30,149,1365,91
120,571.69,154,1366,91
112,572.12,155,1367,92
99,572.53,155,1368,92
111,573.01,149,1369,92
108,573.45,146,1370,92
111,574.02,157,1371,92
121,574.50,152,1372,92
133,574.95,156,1373,92
135,575.55,152,1374,92
144,576.00,157,1375,92
136,576.30,149,1376,92
130,576.62,142,1377,92
138,576.87,150,1378,92
134,577.22,147,1379,92
128,577.64,156,1380,92
119,578.11,153,1381,93
104,578.59,154,1382,93
100,579.01,152,1383,93
114,579.35,150,1384,93
107,579.87,157,1385,93
111,580.46,158,1386,93
121,580.93,158,1387,93
132,581.40,159,1388,93
137,581.93,156,1389,93
145,582.28,154,1390,93
145,582.60,160,1391,93
134,582.94,150,1392,93
140,583.28,150,1393,93
132,583.66,155,1394,93
127,584.10,152,1395,93
118,584.50,152,1396,94
102,584.92,152,1397,94
101,585.26,149,1398,94
111,585.72,161,1399,94
109,586.20,151,1400,94
111,586.70,157,1401,94
121,587.17,155,1402,94
130,587.63,161,1403,94
134,588.27,157,1404,94
144,588.76,157,1405,94
136,589.11,159,1406,94
136,589.48,154,1407,94
134,589.82,153,1408,94
131,590.33,151,1409,94
122,590.78,156,1410,95
107,591.17,159,1411,95
96,591.53,149,1412,95
109,591.98,157,1413,95
111,592.38,158,1414,95
108,592.85,150,1415,95
116,593.38,160,1416,95
127,593.88,157,1417,95
134,594.35,156,1418,95
143,594.83,157,1419,95
147,595.22,155,1420,95
133,595.58,159,1421,95
137,595.93,155,1422,95
135,596.30,158,1423,95
130,596.77,154,1424,95
121,597.26,163,1425,96
109,597.71,158,1426,96
98,598.01,153,1427,96
112,598.43,162,1428,96
110,598.84,158,1429,96
109,599.35,163,1430,96
117,599.95,164,1431,96
128,600.56,160,1432,96
139,601.08,167,1433,96
144,601.55,159,1434,96
137,601.85,156,1435,96
130,602.23,156,1436,96
136,602.54,160,1437,96
134,602.92,160,1438,96
126,603.36,153,1439,97
116,603.76,157,1440,97
103,604.15,159,1441,97
100,604.47,158,1442,97
113,604.86,164,1443,97
108,605.27,156,1444,97
109,605.75,164,1445,97
119,606.23,162,1446,97
128,606.79,160,1447,97
137,607.33,161,1448,97
144,607.82,162,1449,97
141,608.15,154,1450,97
132,608.54,155,1451,97
138,608.84,164,1452,97
133,609.11,159,1453,97
129,609.52,158,1454,98
122,609.98,159,1455,98
112,610.39,154,1456,98
97,610.63,159,1457,98
106,610.90,162,1458,98
112,611.28,157,1459,98
108,611.73,163,1460,98
114,612.46,161,1461,98
126,613.09,157,1462,98
139,613.63,172,1463,98
147,614.07,165,1464,98
142,614.51,164,1465,98
133,614.86,158,1466,98
136,615.16,158,1467,98
133,615.50,167,1468,98
126,615.93,168,1469,99
116,616.40,163,1470,99
104,616.79,161,1471,99
104,617.32,162,1472,99
112,617.74,164,1473,99
111,618.10,164,1474,99
117,618.78,155,1475,99
129,619.46,161,1476,99
140,620.13,158,1477,99
146,620.61,161,1478,99
133,620.96,164,1479,99
136,621.44,163,1480,99
132,621.83,164,1481,99
125,622.32,169,1482,100
114,622.82,163,1483,100
100,623.29,161,1484,100
108,623.76,160,1485,100
111,624.21,167,1486,100
110,624.75,164,1487,100
119,625.40,164,1488,100
132,626.11,164,1489,100
142,626.77,173,1490,100
148,627.24,160,1491,100
140,627.48,154,1492,100
137,627.76,166,1493,100
136,628.19,166,1494,100
128,628.75,167,1495,101
116,629.25,163,1496,101
105,629.66,168,1497,101
106,630.06,156,1498,101
112,630.49,165,1499,101
109,630.85,169,1500,101
114,631.41,171,1501,101
124,632.14,165,1502,101
139,632.65,169,1503,101
143,633.13,172,1504,101
145,633.55,169,1505,101
131,633.89,163,1506,101
139,634.16,165,1507,101
134,634.47,169,1508,101
130,634.95,167,1509,102
121,635.41,166,1510,102
110,635.77,165,1511,102
102,636.10,170,1512,102
112,636.39,164,1513,102
112,636.69,169,1514,102
108,637.05,169,1515,102
112,637.45,174,1516,102
119,638.00,172,1517,102
130,638.62,171,1518,102
139,639.20,176,1519,102
147,639.64,165,1520,102
136,639.96,161,1521,102
129,640.31,162,1522,102
136,640.72,171,1523,102
131,641.09,172,1524,103
122,641.60,166,1525,103
111,642.05,164,1526,103
102,642.38,169,1527,103
112,642.71,165,1528,103
114,643.04,169,1529,103
108,643.46,169,1530,103
115,643.96,178,1531,103
123,644.49,170,1532,103
135,645.03,172,1533,103
142,645.59,172,1534,103
146,646.01,164,1535,103
137,646.34,166,1536,103
125,646.74,172,1537,103
135,646.96,178,1538,103
131,647.39,173,1539,104
120,647.83,173,1540,104
112,648.19,171,1541,104
107,648.61,168,1542,104
110,648.91,170,1543,104
114,649.24,166,1544,104
109,649.57,172,1545,104
112,650.12,177,1546,104
121,650.88,174,1547,104
136,651.34,169,1548,104
143,651.89,168,1549,104
147,652.31,167,1550,104
137,652.79,170,1551,104
138,653.19,170,1552,104
130,653.54,166,1553,105
129,653.90,167,1554,105
122,654.34,163,1555,105
111,654.84,165,1556,105
103,655.22,169,1557,105
113,655.53,176,1558,105
107,655.92,178,1559,105
110,656.53,171,1560,105
121,657.12,172,1561,105
136,657.64,165,1562,105
140,658.12,174,1563,105
147,658.49,172,1564,105
141,658.86,185,1565,105
138,659.25,163,1566,105
139,659.65,168,1567,105
132,660.13,168,1568,106
124,660.56,167,1569,106
116,660.97,167,1570,106
105,661.36,166,1571,106
108,661.73,168,1572,106
111,662.07,170,1573,106
107,662.60,175,1574,106
116,663.36,171,1575,106
131,663.95,171,1576,106
139,664.50,183,1577,106
148,664.93,178,1578,106
144,665.33,175,1579,106
135,665.73,169,1580,106
138,666.11,168,1581,107
133,666.52,168,1582,107
124,667.00,172,1583,107
116,667.42,172,1584,107
106,667.72,170,1585,107
107,668.04,171,1586,107
114,668.35,174,1587,107
109,668.80,176,1588,107
112,669.45,182,1589,107
125,670.18,177,1590,107
139,670.72,177,1591,107
147,671.26,181,1592,107
141,671.64,174,1593,107
136,672.06,170,1594,107
139,672.32,172,1595,108
134,672.69,174,1596,108
126,673.21,175,1597,108
115,673.66,176,1598,108
107,674.11,179,1599,108
109,674.49,173,1600,108
113,674.99,170,1601,108
109,675.63,179,1602,108
120,676.32,184,1603,108
136,676.87,178,1604,108
142,677.49,179,1605,108
147,677.87,179,1606,108
146,678.15,171,1607,108
136,678.41,173,1608,108
139,678.82,174,1609,109
133,679.25,168,1610,109
123,679.74,177,1611,109
116,680.21,182,1612,109
102,680.52,179,1613,109
108,680.79,181,1614,109
112,681.19,180,1615,109
109,681.73,189,1616,109
117,682.39,185,1617,109
129,683.05,174,1618,109
142,683.63,176,1619,109
151,684.18,180,1620,109
146,684.66,179,1621,109
137,685.05,173,1622,110
135,685.51,178,1623,110
128,686.02,176,1624,110
117,686.44,178,1625,110
107,686.85,180,1626,110
108,687.24,178,1627,110
115,687.67,181,1628,110
110,688.20,181,1629,110
118,688.96,186,1630,110
134,689.66,184,1631,110
147,690.24,178,1632,110
144,690.69,186,1633,110
145,691.06,175,1634,110
137,691.37,173,1635,111
133,691.73,178,1636,111
127,692.11,179,1637,111
118,692.45,185,1638,111
109,692.95,178,1639,111
101,693.24,178,1640,111
114,693.56,174,1641,111
115,693.94,181,1642,111
112,694.38,183,1643,111
116,694.93,179,1644,111
128,695.47,181,1645,111
139,696.04,186,1646,111
146,696.58,186,1647,111
143,696.93,178,1648,111
149,697.26,181,1649,111
136,697.86,182,1650,112
132,698.29,180,1651,112
125,698.57,182,1652,112
117,699.10,183,1653,112
99,699.52,176,1654,112
104,699.87,178,1655,112
111,700.18,180,1656,112
105,700.51,181,1657,112
108,700.85,184,1658,112
116,701.31,182,1659,112
127,702.04,180,1660,112
140,702.65,190,1661,112
149,703.14,182,1662,112
148,703.65,183,1663,112
140,704.07,184,1664,113
134,704.50,187,1665,113
129,704.84,182,1666,113
121,705.38,188,1667,113
102,705.88,182,1668,113
109,706.31,180,1669,113
110,706.77,184,1670,113
109,707.43,187,1671,113
122,708.19,189,1672,113
136,708.86,190,1673,113
148,709.37,189,1674,113
147,709.81,184,1675,113
139,710.17,181,1676,114
135,710.58,190,1677,114
129,711.14,180,1678,114
113,711.67,185,1679,114
97,712.22,185,1680,114
113,712.72,178,1681,114
112,713.43,194,1682,114
118,714.24,184,1683,114
135,714.91,189,1684,114
144,715.55,190,1685,114
147,716.07,185,1686,114
142,716.51,179,1687,115
140,716.86,191,1688,115
132,717.34,182,1689,115
121,717.90,187,1690,115
105,718.42,197,1691,115
105,718.88,181,1692,115
114,719.39,183,1693,115
112,720.02,189,1694,115
122,720.71,194,1695,115
136,721.29,183,1696,115
143,721.99,185,1697,115
145,722.44,188,1698,115
133,722.83,184,1699,116
136,723.20,183,1700,116
132,723.67,179,1701,116
122,724.39,188,1702,116
105,724.50,192,1703,116
99,724.49,191,1704,116
101,724.50,188,1705,116
101,724.49,181,1706,116
99,724.50,188,1707,116
107,724.50,187,1708,116
107,724.51,183,1709,116
109,724.50,183,1710,116
104,724.47,185,1711,116
100,724.48,187,1712,116
107,724.49,188,1713,116
106,724.71,182,1714,116
97,725.04,187,1715,116
111,725.47,187,1716,116
112,725.91,190,1717,116
113,726.53,191,1718,116
125,727.21,189,1719,116
141,727.80,187,1720,116
149,728.40,194,1721,116
152,728.93,186,1722,117
143,729.42,181,1723,117
136,729.91,188,1724,117
126,730.37,193,1725,117
119,730.91,195,1726,117
103,731.39,190,1727,117
106,731.76,193,1728,117
111,732.30,193,1729,117
109,732.93,191,1730,117
126,733.51,193,1731,117
139,734.18,194,1732,117
152,734.87,193,1733,117
154,735.43,186,1734,118
141,735.97,187,1735,118
131,736.42,191,1736,118
121,736.70,183,1737,118
118,737.19,185,1738,118
104,737.61,197,1739,118
105,737.99,195,1740,118
109,738.48,202,1741,118
108,739.01,195,1742,118
119,739.54,197,1743,118
135,740.02,199,1744,118
144,740.60,195,1745,118
154,741.20,193,1746,118
156,741.68,190,1747,119
141,742.04,188,1748,119
137,742.04,194,1749,119
138,742.16,200,1750,119
135,742.49,195,1751,119
127,742.92,189,1752,119
119,743.33,188,1753,119
114,743.66,191,1754,119
102,743.99,199,1755,119
108,744.31,195,1756,119
110,744.63,190,1757,119
110,744.93,199,1758,119
112,745.32,194,1759,119
121,745.77,196,1760,119
131,746.20,193,1761,119
142,746.59,198,1762,119
146,747.00,195,1763,119
152,747.40,197,1764,119
152,747.77,187,1765,120
146,748.06,186,1766,120
142,748.27,195,1767,120
139,748.56,188,1768,120
133,748.90,195,1769,120
127,749.19,196,1770,120
120,749.55,197,1771,120
117,749.73,187,1772,120
110,749.95,197,1773,120
101,750.12,195,1774,120
104,750.30,195,1775,120
110,750.56,188,1776,120
111,750.89,195,1777,120
110,751.17,207,1778,120
111,751.57,192,1779,120
120,752.04,195,1780,120
134,752.41,189,1781,120
140,752.85,199,1782,120
147,753.37,199,1783,120
152,753.91,196,1784,120
153,754.34,189,1785,121
140,754.67,194,1786,121
136,754.95,191,1787,121
130,755.25,194,1788,121
121,755.59,191,1789,121
121,755.99,191,1790,121
113,756.34,194,1791,121
100,756.66,195,1792,121
111,757.05,202,1793,121
109,757.35,195,1794,121
111,757.66,199,1795,121
113,758.10,206,1796,121
126,758.53,198,1797,121
134,759.02,198,1798,121
145,759.57,200,1799,121
151,760.13,201,1800,121
156,760.48,196,1801,122
141,760.85,196,1802,122
141,761.25,197,1803,122
133,761.52,196,1804,122
126,761.97,193,1805,122
117,762.36,193,1806,122
111,762.81,201,1807,122
102,763.19,194,1808,122
112,763.57,200,1809,122
110,763.94,199,1810,122
111,764.43,198,1811,122
122,764.92,201,1812,122
132,765.45,195,1813,122
145,766.00,199,1814,122
152,766.56,202,1815,123
155,767.07,193,1816,123
140,767.52,189,1817,123
136,767.92,194,1818,123
128,768.24,194,1819,123
121,768.66,194,1820,123
117,768.92,199,1821,123
104,769.23,209,1822,123
103,769.49,191,1823,123
111,769.87,200,1824,123
109,770.15,193,1825,123
112,770.44,201,1826,123
114,770.86,200,1827,123
125,771.32,199,1828,123
136,771.75,204,1829,123
145,772.24,198,1830,123
152,772.84,205,1831,124
155,773.41,202,1832,124
140,773.90,197,1833,124
134,774.32,199,1834,124
128,774.71,205,1835,124
120,775.03,200,1836,124
119,775.32,205,1837,124
106,775.74,194,1838,124
106,776.02,200,1839,124
111,776.34,199,1840,124
110,776.72,203,1841,124
112,777.11,207,1842,124
121,777.62,202,1843,124
135,778.14,206,1844,124
146,778.66,197,1845,124
154,779.21,200,1846,125
155,779.65,197,1847,125
145,780.06,197,1848,125
139,780.48,201,1849,125
132,780.88,204,1850,125
122,781.26,192,1851,125
121,781.60,203,1852,125
110,781.96,197,1853,125
103,782.33,202,1854,125
112,782.67,207,1855,125
109,782.94,202,1856,125
112,783.37,209,1857,125
120,783.95,208,1858,125
135,784.41,199,1859,125
145,784.84,206,1860,125
150,785.34,204,1861,125
154,785.83,201,1862,126
147,786.29,200,1863,126
138,786.80,195,1864,126
130,787.28,201,1865,126
122,787.72,206,1866,126
114,788.00,205,1867,126
102,788.34,206,1868,126
110,788.71,200,1869,126
109,789.12,207,1870,126
112,789.50,199,1871,126
119,789.87,207,1872,126
126,790.29,208,1873,126
137,790.78,211,1874,126
146,791.29,207,1875,126
153,791.77,200,1876,127
157,792.21,208,1877,127
144,792.62,197,1878,127
139,793.06,197,1879,127
133,793.48,203,1880,127
125,793.84,206,1881,127
120,794.21,201,1882,127
111,794.50,205,1883,127
106,794.76,205,1884,127
112,795.09,205,1885,127
111,795.39,205,1886,127
112,795.66,208,1887,127
114,796.00,205,1888,127
123,796.45,211,1889,127
134,796.91,215,1890,127
145,797.36,202,1891,127
151,797.85,203,1892,127
155,798.30,202,1893,128
153,798.74,193,1894,128
140,799.25,196,1895,128
133,799.65,204,1896,128
125,800.02,203,1897,128
116,800.33,209,1898,128
110,800.71,205,1899,128
104,801.09,212,1900,128
111,801.46,207,1901,128
110,801.69,209,1902,128
114,801.96,205,1903,128
115,802.49,201,1904,128
129,803.00,202,1905,128
142,803.46,207,1906,128
150,803.91,202,1907,128
156,804.32,209,1908,129
159,804.77,211,1909,129
147,805.22,205,1910,129
139,805.60,209,1911,129
132,805.91,209,1912,129
124,806.22,202,1913,129
121,806.58,208,1914,129
115,806.95,208,1915,129
108,807.33,209,1916,129
113,807.65,199,1917,129
110,808.06,205,1918,129
112,808.57,207,1919,129
123,809.06,213,1920,129
137,809.59,203,1921,129
148,810.08,213,1922,129
154,810.60,204,1923,130
156,810.96,207,1924,130
158,811.43,202,1925,130
142,811.76,206,1926,130
136,812.16,212,1927,130
126,812.45,208,1928,130
121,812.80,208,1929,130
116,813.21,206,1930,130
107,813.57,207,1931,130
112,813.92,219,1932,130
110,814.31,211,1933,130
111,814.78,206,1934,130
120,815.29,204,1935,130
135,815.81,211,1936,130
147,816.26,212,1937,130
154,816.76,216,1938,130
156,817.31,205,1939,131
153,817.84,207,1940,131
140,818.31,215,1941,131
132,818.69,211,1942,131
121,819.10,210,1943,131
116,819.48,206,1944,131
108,819.91,209,1945,131
110,820.33,209,1946,131
110,820.74,207,1947,131
115,821.23,217,1948,131
127,821.69,212,1949,131
142,822.12,217,1950,131
151,822.61,213,1951,131
156,823.29,210,1952,132
159,823.82,211,1953,132
143,824.30,204,1954,132
137,824.77,209,1955,132
128,825.13,216,1956,132
119,825.46,205,1957,132
115,825.89,203,1958,132
107,826.38,209,1959,132
111,826.96,216,1960,132
113,827.51,210,1961,132
124,828.13,207,1962,132
140,828.66,217,1963,132
148,829.25,212,1964,132
155,829.83,211,1965,133
161,830.35,212,1966,133
142,830.80,204,1967,133
136,831.19,209,1968,133
127,831.54,209,1969,133
118,831.99,207,1970,133
108,832.38,211,1971,133
108,832.83,210,1972,133
114,833.29,213,1973,133
114,833.75,210,1974,133
121,834.29,218,1975,133
136,834.78,213,1976,133
147,835.32,211,1977,133
153,835.92,214,1978,134
160,836.45,215,1979,134
147,837.01,213,1980,134
137,837.51,203,1981,134
129,837.97,210,1982,134
117,838.44,207,1983,134
104,838.92,217,1984,134
110,839.26,206,1985,134
113,839.64,217,1986,134
112,840.00,215,1987,134
119,840.45,211,1988,134
131,841.05,217,1989,134
143,841.64,222,1990,134
151,842.29,209,1991,135
158,842.81,219,1992,135
149,843.30,214,1993,135
139,843.78,217,1994,135
131,844.19,211,1995,135
121,844.50,208,1996,135
116,844.90,210,1997,135
104,845.20,223,1998,135
112,845.50,213,1999,135
115,845.97,212,2000,135
114,846.33,219,2001,135
119,846.71,215,2002,135
129,847.22,216,2003,135
141,847.58,219,2004,135
149,847.98,216,2005,135
156,848.39,211,2006,136
155,848.64,221,2007,136
163,848.93,212,2008,136
154,849.44,208,2009,136
141,850.01,219,2010,136
133,850.42,208,2011,136
121,850.78,221,2012,136
120,851.08,221,2013,136
110,851.36,216,2014,136
103,851.69,210,2015,136
116,851.91,213,2016,136
114,852.14,226,2017,136
112,852.42,224,2018,136
115,852.80,219,2019,136
123,853.12,232,2020,136
129,853.44,223,2021,136
138,853.90,215,2022,136
146,854.39,219,2023,136
153,854.88,214,2024,137
160,855.42,222,2025,137
148,855.89,206,2026,137
140,856.35,215,2027,137
133,856.79,212,2028,137
122,857.21,219,2029,137
116,857.59,217,2030,137
106,857.94,212,2031,137
114,858.45,216,2032,137
116,858.82,222,2033,137
117,859.24,224,2034,137
123,859.56,212,2035,137
131,860.00,222,2036,137
140,860.48,213,2037,137
148,860.93,216,2038,138
151,861.42,223,2039,138
164,861.92,217,2040,138
145,862.37,223,2041,138
140,862.80,218,2042,138
135,863.17,220,2043,138
127,863.56,216,2044,138
123,863.93,212,2045,138
107,864.35,227,2046,138
112,864.78,222,2047,138
114,865.18,218,2048,138
117,865.54,226,2049,138
124,865.90,225,2050,138
131,866.37,220,2051,138
140,866.82,226,2052,138
146,867.32,222,2053,139
150,867.84,228,2054,139
166,868.22,226,2055,139
147,868.58,213,2056,139
143,868.90,218,2057,139
138,869.34,221,2058,139
129,869.75,221,2059,139
129,870.05,219,2060,139
118,870.42,222,2061,139
103,870.81,220,2062,139
118,871.30,225,2063,139
115,871.73,227,2064,139
119,872.13,224,2065,139
128,872.67,224,2066,139
138,873.08,228,2067,139
145,873.47,224,2068,140
152,873.93,224,2069,140
161,874.48,218,2070,140
152,875.12,213,2071,140
141,875.59,230,2072,140
133,875.97,225,2073,140
125,876.34,223,2074,140
120,876.56,226,2075,140
107,876.96,224,2076,140
108,877.40,217,2077,140
115,877.69,219,2078,140
113,878.10,232,2079,140
120,878.53,215,2080,140
128,878.95,223,2081,140
138,879.46,222,2082,140
146,879.96,221,2083,141
152,880.31,223,2084,141
163,880.87,224,2085,141
155,881.39,219,2086,141
143,881.79,223,2087,141
137,882.10,220,2088,141
131,882.44,219,2089,141
127,882.74,218,2090,141
121,883.09,225,2091,141
102,883.51,225,2092,141
111,883.90,222,2093,141
114,884.26,218,2094,141
116,884.66,232,2095,141
123,885.10,223,2096,141
130,885.55,224,2097,141
138,886.12,222,2098,142
145,886.56,228,2099,142
151,886.97,221,2100,142
170,887.24,230,2101,142
151,887.56,223,2102,142
144,887.93,228,2103,142
140,888.32,230,2104,142
133,888.65,221,2105,142
127,888.98,230,2106,142
123,889.30,221,2107,142
109,889.55,228,2108,142
103,889.91,219,2109,142
118,890.28,223,2110,142
114,890.63,229,2111,142
118,890.96,218,2112,142
123,891.26,225,2113,142
129,891.67,229,2114,142
137,892.14,223,2115,142
142,892.64,224,2116,143
150,893.09,228,2117,143
170,893.58,222,2118,143
146,894.07,212,2119,143
139,894.45,225,2120,143
134,894.79,222,2121,143
128,895.16,219,2122,143
124,895.39,229,2123,143
117,895.74,226,2124,143
101,896.01,230,2125,143
115,896.30,229,2126,143
114,896.55,224,2127,143
117,897.01,221,2128,143
120,897.52,226,2129,143
129,898.14,233,2130,143
140,898.68,233,2131,144
147,899.20,230,2132,144
165,899.67,228,2133,144
149,900.25,219,2134,144
141,900.72,225,2135,144
135,901.21,223,2136,144
129,901.65,236,2137,144
116,902.14,233,2138,144
106,902.72,226,2139,144
117,903.18,225,2140,144
116,903.53,233,2141,144
121,903.95,221,2142,144
127,904.52,221,2143,144
137,905.04,230,2144,145
146,905.47,232,2145,145
153,905.96,221,2146,145
176,906.32,226,2147,145
144,906.82,227,2148,145
139,907.26,234,2149,145
133,907.69,221,2150,145
128,907.99,227,2151,145
118,908.35,230,2152,145
110,908.83,225,2153,145
119,909.21,233,2154,145
116,909.57,223,2155,145
119,909.86,233,2156,145
123,910.16,237,2157,145
128,910.42,233,2158,145
132,910.42,230,2159,145
134,910.41,222,2160,145
135,910.38,232,2161,145
136,910.35,227,2162,145
130,910.25,226,2163,145
138,910.27,234,2164,145
140,910.32,230,2165,145
142,910.35,236,2166,145
144,910.35,227,2167,145
148,909.96,238,2168,145
