114,0.00,24,353,1
115,0.00,24,354,1
115,0.00,24,355,1
114,-0.00,25,356,1
115,0.00,24,357,1
114,0.00,24,358,1
115,-0.01,25,359,1
114,0.00,25,360,1
115,-0.00,25,361,1
115,-0.00,23,362,1
115,-0.00,24,363,1
115,-0.01,27,364,1
114,0.00,25,365,1
115,-0.00,23,366,1
114,0.00,24,367,1
114,0.00,23,368,1
115,-0.00,25,369,1
115,0.00,24,370,1
116,0.00,26,371,1
115,-0.00,24,372,1
115,-0.00,26,373,1
115,-0.00,24,374,1
115,0.07,24,375,1
115,0.11,24,376,1
116,0.29,24,377,1
113,0.66,27,378,1
113,1.05,28,379,1
112,1.48,28,380,1
111,1.97,26,381,1
107,2.50,33,382,1
104,3.01,30,383,1
102,3.49,26,384,1
103,3.94,30,385,1
105,4.48,29,386,1
109,5.07,29,387,1
114,5.63,32,388,1
116,6.21,26,389,1
115,6.70,27,390,2
113,7.15,29,391,2
113,7.60,29,392,2
112,8.07,29,393,2
111,8.56,31,394,2
106,8.93,34,395,2
104,9.33,30,396,2
104,9.77,28,397,2
104,10.32,30,398,2
107,10.90,31,399,2
112,11.49,30,400,2
118,12.09,33,401,2
119,12.71,30,402,3
115,13.35,29,403,3
112,14.00,30,404,3
111,14.53,29,405,3
110,15.00,33,406,3
107,15.42,36,407,3
102,15.90,32,408,3
104,16.31,31,409,3
106,16.81,34,410,3
112,17.33,33,411,3
115,17.90,31,412,3
119,18.50,33,413,3
119,19.10,30,414,4
116,19.77,32,415,4
114,20.39,32,416,4
113,20.98,30,417,4
111,21.53,35,418,4
108,22.13,36,419,4
104,22.61,31,420,4
107,23.15,35,421,4
110,23.73,33,422,4
114,24.33,33,423,4
118,24.92,35,424,4
119,25.52,32,425,5
116,26.15,33,426,5
117,26.77,33,427,5
115,27.25,35,428,5
116,27.54,37,429,5
112,27.52,38,430,5
110,27.53,39,431,5
112,27.65,39,432,5
113,28.01,37,433,5
109,28.29,36,434,5
106,28.56,34,435,5
107,28.83,36,436,5
106,29.14,36,437,5
110,29.43,36,438,5
110,29.81,35,439,5
113,30.36,34,440,5
117,30.89,37,441,5
118,31.35,36,442,5
119,31.78,32,443,6
119,32.25,33,444,6
119,32.69,35,445,6
119,33.19,36,446,6
119,33.67,35,447,6
115,34.12,40,448,6
111,34.54,40,449,6
109,34.97,36,450,6
107,35.30,38,451,6
110,35.76,38,452,6
110,36.28,35,453,6
114,36.87,37,454,6
118,37.36,39,455,6
118,37.75,37,456,7
120,38.22,35,457,7
120,39.08,36,458,7
119,39.51,38,459,7
119,39.93,38,460,7
114,40.25,41,461,7
112,40.62,36,462,7
108,40.98,36,463,7
110,41.38,38,464,7
111,41.87,38,465,7
112,42.37,37,466,7
117,42.94,39,467,7
120,43.52,35,468,7
123,44.00,36,469,8
121,44.51,36,470,8
121,44.84,38,471,8
121,45.33,39,472,8
120,45.77,39,473,8
118,46.18,41,474,8
114,46.49,37,475,8
111,46.83,37,476,8
112,47.29,37,477,8
110,47.88,41,478,8
113,48.47,36,479,8
119,49.12,39,480,8
123,49.83,35,481,8
124,50.55,37,482,9
119,51.27,40,483,9
119,51.79,37,484,9
119,52.28,39,485,9
116,52.83,45,486,9
112,53.36,37,487,9
111,53.93,40,488,9
113,54.56,39,489,9
117,55.14,39,490,9
121,55.70,42,491,9
123,56.29,39,492,9
123,56.85,33,493,10
123,57.48,39,494,10
122,57.92,37,495,10
124,58.37,36,496,10
122,58.88,44,497,10
115,59.44,40,498,10
114,59.97,36,499,10
111,60.48,44,500,10
115,60.97,38,501,10
119,61.44,37,502,10
122,61.92,43,503,10
123,62.45,37,504,10
124,62.91,36,505,11
124,63.44,37,506,11
125,63.96,37,507,11
123,64.43,38,508,11
126,64.83,38,509,11
122,65.22,41,510,11
117,65.62,40,511,11
113,66.23,37,512,11
112,66.78,44,513,11
114,67.32,38,514,11
117,67.83,38,515,11
122,68.35,43,516,11
123,68.87,37,517,11
126,69.42,39,518,12
124,70.01,38,519,12
125,70.55,39,520,12
125,71.08,39,521,12
123,71.53,38,522,12
119,72.02,42,523,12
114,72.59,41,524,12
112,73.15,46,525,12
114,73.67,41,526,12
117,74.23,41,527,12
120,74.83,40,528,12
124,75.38,40,529,12
125,75.90,40,530,13
123,76.55,39,531,13
127,77.06,40,532,13
128,77.55,40,533,13
126,77.98,42,534,13
119,78.48,44,535,13
115,79.03,42,536,13
113,79.67,45,537,13
117,80.15,44,538,13
122,80.66,40,539,13
127,81.21,42,540,13
129,81.82,41,541,14
130,82.38,37,542,14
126,82.97,41,543,14
126,83.44,41,544,14
125,83.91,42,545,14
125,84.31,41,546,14
122,84.78,45,547,14
118,85.27,42,548,14
114,85.76,37,549,14
118,86.22,43,550,14
119,86.70,44,551,14
123,87.26,43,552,14
129,87.81,45,553,14
130,88.39,43,554,15
129,89.01,39,555,15
127,89.62,42,556,15
127,90.08,43,557,15
126,90.52,43,558,15
124,91.01,45,559,15
118,91.53,46,560,15
117,92.15,44,561,15
117,92.74,45,562,15
120,93.36,42,563,15
126,94.06,45,564,15
131,94.76,41,565,16
129,95.54,45,566,16
130,96.13,44,567,16
127,96.71,44,568,16
126,97.37,45,569,16
120,98.19,47,570,16
118,98.90,45,571,16
122,99.51,45,572,16
127,100.22,45,573,16
133,100.96,44,574,17
130,101.73,44,575,17
128,102.31,44,576,17
127,102.90,47,577,17
127,103.39,44,578,17
123,104.04,50,579,17
120,104.77,46,580,17
119,105.41,47,581,17
123,106.05,45,582,17
128,106.74,48,583,17
133,107.38,47,584,18
129,108.13,48,585,18
130,108.83,46,586,18
130,109.39,49,587,18
130,109.98,47,588,18
123,110.62,49,589,18
121,111.30,47,590,18
120,111.88,48,591,18
123,112.50,45,592,18
131,113.11,49,593,19
132,113.76,47,594,19
132,114.51,47,595,19
132,115.20,47,596,19
130,115.85,49,597,19
128,116.33,51,598,19
124,117.08,50,599,19
122,117.74,49,600,19
123,118.34,48,601,19
124,118.94,46,602,19
131,119.59,49,603,20
133,120.23,50,604,20
132,120.94,48,605,20
132,121.63,51,606,20
133,122.21,50,607,20
130,122.79,54,608,20
124,123.41,51,609,20
121,124.16,51,610,20
122,124.76,51,611,20
126,125.38,50,612,20
131,126.07,51,613,21
133,126.77,51,614,21
134,127.38,49,615,21
133,127.94,52,616,21
135,128.65,51,617,21
132,129.39,54,618,21
126,130.23,52,619,21
124,131.14,52,620,21
126,131.83,51,621,21
131,132.45,52,622,22
136,133.13,51,623,22
132,133.89,54,624,22
135,134.58,51,625,22
136,135.22,52,626,22
133,135.81,55,627,22
126,136.44,54,628,22
126,137.10,55,629,22
125,137.73,53,630,22
128,138.44,52,631,23
132,139.13,54,632,23
133,139.86,53,633,23
135,140.63,53,634,23
139,141.36,54,635,23
136,141.93,54,636,23
131,142.66,55,637,23
129,143.59,55,638,23
123,144.37,52,639,23
129,145.09,53,640,24
135,145.77,55,641,24
135,146.45,55,642,24
138,147.14,53,643,24
138,147.82,57,644,24
139,148.50,53,645,24
132,149.24,58,646,24
128,150.07,57,647,24
125,150.79,53,648,24
129,151.51,57,649,25
134,152.26,57,650,25
137,153.19,58,651,25
141,153.91,54,652,25
141,154.52,56,653,25
140,155.11,59,654,25
132,155.89,59,655,25
128,156.63,58,656,25
126,157.36,55,657,26
131,158.09,57,658,26
135,158.77,56,659,26
137,159.48,59,660,26
142,160.20,58,661,26
144,160.73,57,662,26
142,161.28,58,663,26
135,161.88,62,664,26
129,162.48,58,665,26
126,163.10,61,666,26
127,163.77,54,667,27
131,164.40,58,668,27
137,165.05,60,669,27
139,165.68,60,670,27
142,166.34,59,671,27
143,167.00,60,672,27
144,167.62,58,673,27
139,168.20,63,674,27
132,168.89,60,675,27
127,169.53,61,676,27
129,170.15,56,677,28
131,170.75,60,678,28
138,171.41,60,679,28
141,172.04,61,680,28
143,172.72,60,681,28
145,173.33,62,682,28
145,173.92,59,683,28
139,174.59,63,684,28
133,175.28,63,685,28
129,175.91,64,686,28
129,176.50,57,687,29
134,177.16,61,688,29
139,177.78,63,689,29
142,178.49,63,690,29
144,179.14,61,691,29
146,179.89,62,692,29
144,180.53,62,693,29
137,181.26,65,694,29
131,182.01,64,695,29
131,182.64,61,696,30
130,183.30,61,697,30
137,183.97,63,698,30
142,184.64,64,699,30
140,185.41,63,700,30
147,186.13,62,701,30
146,186.84,62,702,30
142,187.61,65,703,30
133,188.50,65,704,30
127,189.22,62,705,31
131,189.78,63,706,31
135,190.34,64,707,31
142,190.97,64,708,31
144,191.65,63,709,31
146,192.35,63,710,31
145,192.85,64,711,31
147,193.29,63,712,31
143,193.93,67,713,31
135,194.60,65,714,31
128,195.28,63,715,32
129,195.82,60,716,32
131,196.26,63,717,32
136,196.76,66,718,32
143,197.31,66,719,32
145,197.92,66,720,32
145,198.61,66,721,32
150,199.16,63,722,32
151,199.64,64,723,32
148,200.22,66,724,32
139,200.83,68,725,32
133,201.22,67,726,33
130,201.67,64,727,33
131,202.09,64,728,33
134,202.52,65,729,33
137,203.05,67,730,33
143,203.60,66,731,33
147,204.13,67,732,33
147,204.76,67,733,33
149,205.37,65,734,33
149,205.96,67,735,33
144,206.55,69,736,33
138,207.12,68,737,33
132,207.81,69,738,34
132,208.37,66,739,34
136,208.91,64,740,34
138,209.49,67,741,34
144,210.12,68,742,34
143,210.72,70,743,34
147,211.32,66,744,34
149,211.89,68,745,34
147,212.56,68,746,34
145,213.13,70,747,34
141,213.85,70,748,35
133,214.56,70,749,35
133,215.19,67,750,35
136,215.80,66,751,35
144,216.39,70,752,35
146,216.93,71,753,35
148,217.62,70,754,35
149,218.19,67,755,35
150,218.79,69,756,35
149,219.31,71,757,35
142,219.78,72,758,35
137,220.33,71,759,36
134,220.93,70,760,36
136,221.43,66,761,36
137,221.97,68,762,36
142,222.58,72,763,36
148,223.20,72,764,36
149,223.72,70,765,36
149,224.34,71,766,36
149,224.94,71,767,36
149,225.44,71,768,36
146,225.96,73,769,36
139,226.58,73,770,37
137,227.33,72,771,37
137,228.09,72,772,37
139,228.71,70,773,37
146,229.31,73,774,37
149,229.92,74,775,37
149,230.55,72,776,37
150,231.16,71,777,37
150,231.76,71,778,37
148,232.29,74,779,37
142,232.91,77,780,38
139,233.57,74,781,38
134,234.22,72,782,38
139,234.93,70,783,38
145,235.65,74,784,38
150,236.31,75,785,38
151,236.91,71,786,38
152,237.52,73,787,38
152,238.04,73,788,38
150,238.56,76,789,38
143,239.16,77,790,39
141,239.91,74,791,39
135,240.61,73,792,39
137,241.42,73,793,39
143,242.10,73,794,39
150,242.77,74,795,39
149,243.47,74,796,39
152,244.16,75,797,39
150,244.66,76,798,39
150,245.23,76,799,40
143,245.86,77,800,40
141,246.46,76,801,40
136,247.06,75,802,40
138,247.74,72,803,40
144,248.45,74,804,40
150,249.21,77,805,40
150,249.96,77,806,40
153,250.65,77,807,40
151,251.17,78,808,40
149,251.67,79,809,41
143,252.18,81,810,41
140,252.72,77,811,41
139,253.19,78,812,41
137,253.59,72,813,41
141,253.98,75,814,41
145,254.46,77,815,41
150,255.08,77,816,41
150,255.72,78,817,41
153,256.36,77,818,41
152,256.85,80,819,41
150,257.30,77,820,41
151,257.76,80,821,42
144,258.23,79,822,42
139,258.71,76,823,42
140,259.19,79,824,42
139,259.79,76,825,42
138,260.33,75,826,42
143,260.96,78,827,42
148,261.47,78,828,42
152,262.07,79,829,42
152,262.65,79,830,42
154,263.18,78,831,42
153,263.60,79,832,42
153,264.13,79,833,43
148,264.74,82,834,43
144,265.33,79,835,43
140,266.01,80,836,43
141,266.65,77,837,43
146,267.21,77,838,43
150,267.82,81,839,43
153,268.46,82,840,43
154,269.08,80,841,43
152,269.80,82,842,43
150,270.46,80,843,44
148,271.01,84,844,44
141,271.56,82,845,44
139,272.18,83,846,44
143,272.74,81,847,44
145,273.26,77,848,44
149,273.86,81,849,44
153,274.56,81,850,44
154,275.22,81,851,44
155,275.94,81,852,44
154,276.40,84,853,44
153,276.90,82,854,45
147,277.58,85,855,45
144,278.22,81,856,45
143,278.80,84,857,45
143,279.38,78,858,45
147,280.10,82,859,45
154,280.83,82,860,45
154,281.54,84,861,45
156,282.24,82,862,45
153,282.85,84,863,46
152,283.39,83,864,46
150,283.95,86,865,46
143,284.51,83,866,46
143,285.12,84,867,46
143,285.64,81,868,46
146,286.14,81,869,46
150,286.68,84,870,46
154,287.32,85,871,46
155,288.02,86,872,46
154,288.64,83,873,46
155,289.15,86,874,47
155,289.63,84,875,47
152,290.12,88,876,47
146,290.52,87,877,47
144,291.08,84,878,47
143,291.62,87,879,47
144,292.11,81,880,47
147,292.64,82,881,47
152,293.22,85,882,47
158,293.85,86,883,47
156,294.51,85,884,47
157,295.15,85,885,47
155,295.64,88,886,48
157,296.04,84,887,48
155,296.38,90,888,48
148,296.82,89,889,48
146,297.41,85,890,48
146,297.96,87,891,48
145,298.48,84,892,48
147,299.16,83,893,48
152,299.77,87,894,48
159,300.32,88,895,48
156,301.04,87,896,48
156,301.69,87,897,49
156,302.24,88,898,49
155,302.70,88,899,49
151,303.14,92,900,49
145,303.63,87,901,49
146,304.09,88,902,49
145,304.58,88,903,49
148,305.14,83,904,49
152,305.71,88,905,49
158,306.38,89,906,49
160,307.04,88,907,49
156,307.70,87,908,49
158,308.25,91,909,50
157,308.78,86,910,50
155,309.38,91,911,50
148,310.05,90,912,50
147,310.68,91,913,50
147,311.24,87,914,50
150,311.93,85,915,50
155,312.59,89,916,50
160,313.26,91,917,50
160,313.93,89,918,50
159,314.44,91,919,51
159,315.01,89,920,51
160,315.56,91,921,51
155,316.09,93,922,51
147,316.68,88,923,51
148,317.24,91,924,51
149,317.79,87,925,51
151,318.35,89,926,51
157,319.10,92,927,51
160,319.81,91,928,51
158,320.42,90,929,51
159,320.96,92,930,52
161,321.53,89,931,52
158,322.16,94,932,52
150,322.80,93,933,52
150,323.41,92,934,52
148,324.03,90,935,52
151,324.70,87,936,52
155,325.33,93,937,52
159,325.99,95,938,52
162,326.65,93,939,52
161,327.34,93,940,53
162,327.89,93,941,53
161,328.41,96,942,53
155,328.97,96,943,53
146,329.56,91,944,53
149,330.06,94,945,53
152,330.61,89,946,53
156,331.17,91,947,53
158,331.79,94,948,53
161,332.49,95,949,53
161,333.23,93,950,54
162,333.83,97,951,54
161,334.33,94,952,54
161,334.90,96,953,54
153,335.29,98,954,54
151,335.90,92,955,54
149,336.54,96,956,54
153,337.19,90,957,54
157,337.91,95,958,54
162,338.72,95,959,54
163,339.48,96,960,55
161,340.17,96,961,55
163,340.72,95,962,55
161,341.30,96,963,55
154,342.03,97,964,55
151,342.65,96,965,55
152,343.27,92,966,55
156,343.96,94,967,55
162,344.74,96,968,55
164,345.48,96,969,55
162,346.13,95,970,56
162,346.82,98,971,56
162,347.41,97,972,56
157,348.09,100,973,56
153,348.85,96,974,56
152,349.60,98,975,56
156,350.26,93,976,56
162,350.86,97,977,56
166,351.54,98,978,56
163,352.21,97,979,57
164,352.84,100,980,57
164,353.40,98,981,57
164,354.01,99,982,57
157,354.74,100,983,57
151,355.47,98,984,57
153,356.11,95,985,57
157,356.74,98,986,57
163,357.40,99,987,57
164,358.17,101,988,58
164,358.96,98,989,58
164,359.50,101,990,58
165,360.06,100,991,58
159,360.75,104,992,58
155,361.48,100,993,58
154,362.09,100,994,58
155,362.81,95,995,58
159,363.59,101,996,58
166,364.45,101,997,59
166,365.21,100,998,59
165,365.91,103,999,59
164,366.43,100,1000,59
161,367.10,105,1001,59
157,367.71,101,1002,59
153,368.31,102,1003,59
155,368.90,98,1004,59
160,369.52,99,1005,59
166,370.21,102,1006,59
168,370.90,102,1007,60
167,371.66,102,1008,60
165,372.28,104,1009,60
166,372.75,103,1010,60
160,373.34,105,1011,60
156,373.99,102,1012,60
152,374.61,101,1013,60
156,375.25,97,1014,60
161,375.91,104,1015,60
167,376.58,105,1016,60
167,377.25,104,1017,61
168,377.82,104,1018,61
167,378.35,104,1019,61
167,378.93,103,1020,61
164,379.49,106,1021,61
156,380.09,102,1022,61
155,380.61,105,1023,61
151,381.15,99,1024,61
158,381.79,102,1025,61
163,382.48,105,1026,61
168,383.21,107,1027,61
169,383.88,105,1028,62
169,384.52,106,1029,62
168,385.12,103,1030,62
167,385.67,108,1031,62
157,386.35,105,1032,62
155,386.90,107,1033,62
153,387.61,103,1034,62
161,388.28,104,1035,62
167,388.96,106,1036,62
169,389.69,106,1037,63
169,390.37,104,1038,63
169,390.94,108,1039,63
169,391.56,107,1040,63
164,392.16,110,1041,63
159,392.87,106,1042,63
156,393.44,107,1043,63
157,394.09,102,1044,63
164,394.77,107,1045,63
167,395.49,109,1046,63
167,396.22,107,1047,64
167,396.88,108,1048,64
170,397.49,109,1049,64
169,398.04,110,1050,64
161,398.78,111,1051,64
158,399.51,109,1052,64
155,400.15,107,1053,64
159,400.79,105,1054,64
164,401.50,109,1055,64
172,402.17,110,1056,65
169,402.93,110,1057,65
170,403.59,111,1058,65
170,404.13,110,1059,65
168,404.60,112,1060,65
162,405.17,112,1061,65
158,405.86,110,1062,65
156,406.54,109,1063,65
161,407.14,106,1064,65
166,407.83,111,1065,65
171,408.65,113,1066,66
171,409.48,110,1067,66
171,410.09,112,1068,66
171,410.70,111,1069,66
166,411.42,115,1070,66
161,412.21,110,1071,66
157,412.75,111,1072,66
160,413.42,107,1073,66
166,414.14,112,1074,66
172,414.84,115,1075,67
172,415.56,112,1076,67
171,416.13,114,1077,67
172,416.66,113,1078,67
171,417.20,115,1079,67
165,417.81,116,1080,67
160,418.66,113,1081,67
158,419.20,111,1082,67
162,419.52,108,1083,67
165,420.03,112,1084,67
171,420.76,114,1085,67
172,421.58,115,1086,68
173,422.29,113,1087,68
172,422.87,115,1088,68
173,423.56,114,1089,68
169,424.32,117,1090,68
160,424.95,115,1091,68
160,425.47,113,1092,68
159,426.23,110,1093,68
166,427.00,115,1094,68
172,427.73,118,1095,69
171,428.41,116,1096,69
171,428.99,117,1097,69
174,429.63,117,1098,69
173,430.36,117,1099,69
161,431.06,117,1100,69
157,431.39,116,1101,69
157,431.83,116,1102,69
158,432.25,112,1103,69
162,432.72,114,1104,69
168,432.74,116,1105,69
171,432.84,116,1106,69
172,433.19,117,1107,69
171,433.85,119,1108,70
175,434.67,117,1109,70
173,435.35,117,1110,70
173,435.89,118,1111,70
173,436.57,119,1112,70
166,437.18,120,1113,70
162,437.86,118,1114,70
162,438.39,113,1115,70
163,438.87,114,1116,70
169,439.51,117,1117,70
172,440.12,120,1118,71
173,440.73,119,1119,71
173,441.44,117,1120,71
174,442.09,121,1121,71
174,442.85,120,1122,71
168,443.67,121,1123,71
162,444.31,119,1124,71
163,444.76,112,1125,71
165,445.24,115,1126,71
169,445.66,118,1127,71
174,446.19,120,1128,72
174,446.75,121,1129,72
175,447.35,121,1130,72
175,447.89,120,1131,72
174,448.42,122,1132,72
175,449.06,119,1133,72
170,449.69,124,1134,72
163,450.25,121,1135,72
162,450.77,120,1136,72
163,451.38,114,1137,72
167,451.90,119,1138,72
173,452.27,121,1139,72
175,452.76,122,1140,73
175,453.38,122,1141,73
176,454.01,119,1142,73
175,454.53,123,1143,73
175,455.07,122,1144,73
175,455.66,122,1145,73
168,456.29,122,1146,73
164,456.86,122,1147,73
164,457.36,117,1148,73
166,457.91,118,1149,73
172,458.34,121,1150,73
175,458.70,124,1151,74
177,459.21,124,1152,74
177,459.83,122,1153,74
175,460.42,122,1154,74
175,460.87,125,1155,74
177,461.34,121,1156,74
176,461.92,124,1157,74
169,462.55,125,1158,74
164,463.04,123,1159,74
163,463.52,122,1160,74
165,464.05,117,1161,74
169,464.49,121,1162,74
175,464.91,124,1163,74
176,465.34,125,1164,75
177,465.79,125,1165,75
176,466.28,123,1166,75
177,466.81,124,1167,75
177,467.22,126,1168,75
177,467.70,124,1169,75
175,468.33,125,1170,75
169,468.94,126,1171,75
165,469.49,125,1172,75
164,470.13,121,1173,75
168,470.68,119,1174,75
172,471.21,124,1175,75
176,471.79,126,1176,76
178,472.34,126,1177,76
178,472.91,124,1178,76
176,473.41,126,1179,76
177,473.81,127,1180,76
178,474.33,125,1181,76
173,474.99,128,1182,76
166,475.64,125,1183,76
164,476.22,126,1184,76
166,476.72,120,1185,76
169,477.23,124,1186,76
176,477.74,127,1187,77
179,478.30,130,1188,77
179,478.94,126,1189,77
178,479.43,127,1190,77
178,479.90,129,1191,77
178,480.35,126,1192,77
177,481.02,130,1193,77
169,481.73,129,1194,77
166,481.93,130,1195,77
165,482.48,127,1196,77
168,483.06,122,1197,77
173,483.62,127,1198,77
178,484.08,128,1199,78
179,484.57,129,1200,78
180,485.13,129,1201,78
178,485.70,128,1202,78
178,486.24,131,1203,78
179,486.66,129,1204,78
177,487.25,131,1205,78
171,487.96,130,1206,78
165,488.45,130,1207,78
167,488.93,127,1208,78
169,489.49,124,1209,78
174,490.02,129,1210,78
179,490.57,130,1211,79
181,491.06,130,1212,79
181,491.63,128,1213,79
180,492.12,130,1214,79
179,492.61,132,1215,79
179,493.08,129,1216,79
178,493.59,132,1217,79
171,494.20,131,1218,79
166,494.61,131,1219,79
167,495.11,130,1220,79
167,495.67,123,1221,79
172,496.25,129,1222,79
179,496.77,131,1223,80
181,497.33,132,1224,80
181,497.91,131,1225,80
179,498.46,132,1226,80
180,498.97,133,1227,80
180,499.39,131,1228,80
179,499.99,133,1229,80
173,500.49,133,1230,80
167,501.16,132,1231,80
167,501.66,127,1232,80
168,502.22,126,1233,80
174,502.67,132,1234,81
179,503.04,132,1235,81
180,503.50,135,1236,81
180,504.08,133,1237,81
181,504.60,132,1238,81
181,505.08,135,1239,81
181,505.51,133,1240,81
180,506.07,135,1241,81
174,506.63,136,1242,81
170,507.13,134,1243,81
169,507.52,134,1244,81
168,507.94,132,1245,81
169,508.50,128,1246,81
174,509.07,131,1247,82
180,509.62,133,1248,82
182,510.17,136,1249,82
181,510.76,134,1250,82
180,511.35,134,1251,82
181,511.87,137,1252,82
182,512.38,134,1253,82
178,513.12,137,1254,82
169,513.85,136,1255,82
169,514.50,134,1256,82
171,515.20,131,1257,82
178,515.68,134,1258,83
183,516.18,136,1259,83
182,516.86,137,1260,83
180,517.58,134,1261,83
181,518.17,137,1262,83
182,518.71,136,1263,83
179,519.36,139,1264,83
170,520.19,138,1265,83
168,520.75,136,1266,83
170,521.28,129,1267,83
173,521.71,134,1268,84
177,522.26,136,1269,84
180,522.84,139,1270,84
183,523.42,138,1271,84
182,524.05,136,1272,84
181,524.59,140,1273,84
181,525.13,137,1274,84
180,525.76,139,1275,84
173,526.35,139,1276,84
169,526.87,138,1277,84
170,527.45,133,1278,84
174,528.12,136,1279,85
181,528.72,139,1280,85
184,529.35,140,1281,85
183,530.03,139,1282,85
181,530.65,139,1283,85
181,531.10,140,1284,85
183,531.68,141,1285,85
178,532.34,142,1286,85
170,533.05,139,1287,85
170,533.55,139,1288,85
172,534.11,134,1289,86
174,534.73,138,1290,86
183,535.27,140,1291,86
182,535.65,141,1292,86
186,536.17,138,1293,86
182,536.76,141,1294,86
182,537.31,142,1295,86
183,537.85,140,1296,86
180,538.46,143,1297,86
174,539.13,142,1298,86
170,539.72,142,1299,86
171,540.36,135,1300,87
175,540.88,139,1301,87
182,541.40,142,1302,87
184,542.09,144,1303,87
183,542.85,140,1304,87
183,543.46,144,1305,87
183,544.04,141,1306,87
180,544.70,144,1307,87
174,545.36,143,1308,87
169,545.99,142,1309,87
171,546.43,137,1310,87
173,546.97,140,1311,88
180,547.67,143,1312,88
185,548.29,144,1313,88
185,548.93,142,1314,88
182,549.49,144,1315,88
183,550.16,146,1316,88
183,550.87,145,1317,88
177,551.49,146,1318,88
172,552.10,144,1319,88
170,552.60,142,1320,88
172,553.14,138,1321,89
175,553.58,143,1322,89
182,554.08,144,1323,89
184,554.55,146,1324,89
186,555.08,145,1325,89
184,555.61,143,1326,89
184,556.27,146,1327,89
184,556.75,144,1328,89
184,557.26,146,1329,89
178,557.76,145,1330,89
172,558.25,145,1331,89
171,558.74,145,1332,89
172,559.24,139,1333,90
174,559.72,141,1334,90
179,560.21,145,1335,90
184,560.75,147,1336,90
186,561.25,147,1337,90
187,561.82,145,1338,90
185,562.40,147,1339,90
185,562.81,148,1340,90
185,563.40,146,1341,90
180,564.14,149,1342,90
174,564.85,148,1343,90
171,565.47,146,1344,90
174,566.04,141,1345,91
179,566.52,147,1346,91
185,567.04,148,1347,91
184,567.46,150,1348,91
185,567.84,148,1349,91
185,568.47,147,1350,91
185,569.03,149,1351,91
187,569.54,148,1352,91
184,570.18,150,1353,91
176,570.63,150,1354,91
173,571.14,149,1355,91
171,571.78,144,1356,92
175,572.28,144,1357,92
180,572.77,147,1358,92
184,573.14,151,1359,92
186,573.52,150,1360,92
185,574.19,149,1361,92
184,574.88,148,1362,92
187,575.42,152,1363,92
187,576.11,150,1364,92
181,576.80,151,1365,92
173,577.36,150,1366,92
172,577.83,148,1367,92
173,578.33,144,1368,93
176,578.81,148,1369,93
182,579.39,150,1370,93
184,579.98,152,1371,93
186,580.72,150,1372,93
187,581.18,150,1373,93
187,581.90,152,1374,93
187,582.62,152,1375,93
181,583.18,152,1376,93
173,583.76,152,1377,93
171,584.35,148,1378,94
173,584.94,147,1379,94
178,585.45,150,1380,94
184,586.06,152,1381,94
187,586.68,152,1382,94
187,587.32,152,1383,94
188,587.93,153,1384,94
189,588.57,151,1385,94
186,589.15,153,1386,94
176,589.90,155,1387,94
172,590.47,152,1388,94
172,591.21,147,1389,95
177,591.84,151,1390,95
184,592.53,154,1391,95
187,593.05,154,1392,95
186,593.70,152,1393,95
187,594.29,154,1394,95
188,594.73,155,1395,95
188,595.30,154,1396,95
181,595.79,155,1397,95
175,596.31,155,1398,95
172,596.91,152,1399,96
173,597.39,148,1400,96
177,597.96,152,1401,96
183,598.47,153,1402,96
185,599.10,156,1403,96
186,599.77,155,1404,96
187,600.43,155,1405,96
188,600.98,156,1406,96
186,601.60,157,1407,96
179,602.14,158,1408,96
175,602.52,157,1409,96
173,602.98,153,1410,96
174,603.55,150,1411,97
177,604.12,154,1412,97
183,604.64,156,1413,97
189,605.22,157,1414,97
190,605.83,156,1415,97
189,606.46,156,1416,97
189,606.98,156,1417,97
188,607.45,158,1418,97
184,607.95,160,1419,97
177,608.69,157,1420,97
173,609.27,157,1421,97
174,610.05,151,1422,98
180,610.65,155,1423,98
187,611.07,158,1424,98
188,611.67,160,1425,98
189,612.47,158,1426,98
188,613.10,158,1427,98
189,613.68,158,1428,98
189,614.23,159,1429,98
179,614.94,160,1430,98
175,615.45,159,1431,98
172,616.02,156,1432,99
175,616.56,154,1433,99
179,616.86,157,1434,99
182,617.28,158,1435,99
183,617.83,160,1436,99
188,618.35,161,1437,99
189,619.05,158,1438,99
190,619.74,161,1439,99
191,620.37,159,1440,99
185,620.97,162,1441,99
177,621.61,161,1442,99
173,622.10,159,1443,100
173,622.77,155,1444,100
177,623.32,157,1445,100
184,623.76,161,1446,100
188,624.38,162,1447,100
190,625.02,161,1448,100
189,625.70,159,1449,100
191,626.39,162,1450,100
193,626.89,160,1451,100
186,627.33,163,1452,100
178,627.93,163,1453,100
174,628.45,161,1454,101
172,629.07,157,1455,101
177,629.68,158,1456,101
183,630.26,162,1457,101
187,630.83,164,1458,101
191,631.45,163,1459,101
190,632.08,161,1460,101
193,632.68,163,1461,101
193,633.16,162,1462,101
186,633.78,165,1463,101
179,634.43,163,1464,101
174,634.92,163,1465,102
174,635.63,158,1466,102
179,636.19,161,1467,102
185,636.88,163,1468,102
189,637.46,166,1469,102
189,638.02,163,1470,102
190,638.66,163,1471,102
192,639.15,163,1472,102
191,639.56,164,1473,102
187,640.17,166,1474,102
178,640.82,165,1475,102
174,641.26,163,1476,103
175,641.73,159,1477,103
177,642.34,161,1478,103
183,643.12,165,1479,103
188,643.88,168,1480,103
190,644.51,165,1481,103
190,645.08,165,1482,103
192,645.69,166,1483,103
190,646.19,167,1484,103
182,647.06,168,1485,103
175,647.66,165,1486,104
176,648.30,161,1487,104
180,648.89,165,1488,104
184,649.63,167,1489,104
189,650.34,169,1490,104
190,650.97,167,1491,104
190,651.66,166,1492,104
192,652.23,166,1493,104
190,652.87,169,1494,104
180,653.50,170,1495,105
177,654.01,168,1496,105
176,654.54,162,1497,105
177,654.95,165,1498,105
181,655.34,166,1499,105
184,655.72,167,1500,105
188,656.26,172,1501,105
188,656.98,170,1502,105
191,657.64,168,1503,105
192,658.26,169,1504,105
194,658.81,169,1505,105
187,659.48,172,1506,105
178,660.17,170,1507,106
175,660.77,166,1508,106
178,661.38,165,1509,106
182,661.69,170,1510,106
187,662.07,169,1511,106
189,662.83,171,1512,106
192,663.61,171,1513,106
190,664.23,170,1514,106
193,664.76,170,1515,106
188,665.50,172,1516,106
180,666.31,173,1517,107
177,666.81,171,1518,107
177,667.26,165,1519,107
181,667.77,168,1520,107
187,668.29,170,1521,107
191,668.57,174,1522,107
193,668.99,174,1523,107
193,669.74,172,1524,107
191,670.23,172,1525,107
193,670.65,174,1526,107
193,671.28,172,1527,107
190,671.82,175,1528,107
180,672.57,175,1529,108
177,673.16,172,1530,108
177,673.77,166,1531,108
181,674.21,172,1532,108
187,674.63,174,1533,108
190,675.11,174,1534,108
192,675.58,176,1535,108
193,676.08,173,1536,108
191,676.53,174,1537,108
193,676.94,176,1538,108
195,677.51,174,1539,108
192,678.12,175,1540,108
184,678.63,176,1541,109
181,679.14,175,1542,109
177,679.66,170,1543,109
179,680.20,170,1544,109
185,680.68,175,1545,109
189,681.02,176,1546,109
193,681.60,177,1547,109
193,682.37,176,1548,109
193,682.84,175,1549,109
194,683.38,177,1550,109
194,683.98,176,1551,109
191,684.61,177,1552,109
180,685.39,177,1553,110
177,685.88,175,1554,110
178,686.44,168,1555,110
180,687.00,173,1556,110
186,687.56,177,1557,110
193,687.97,179,1558,110
193,688.54,178,1559,110
193,689.24,176,1560,110
193,689.76,176,1561,110
194,690.30,179,1562,110
194,690.94,178,1563,110
184,691.54,180,1564,111
179,692.04,177,1565,111
178,692.60,174,1566,111
179,693.11,172,1567,111
183,693.58,177,1568,111
190,694.05,177,1569,111
192,694.64,180,1570,111
194,695.29,179,1571,111
193,695.84,177,1572,111
194,696.29,180,1573,111
194,696.73,179,1574,111
194,697.10,180,1575,111
189,697.45,182,1576,112
184,697.93,181,1577,112
180,698.48,179,1578,112
177,698.66,179,1579,112
178,698.66,176,1580,112
178,698.91,177,1581,112
178,699.36,173,1582,112
180,699.92,174,1583,112
184,700.44,179,1584,112
191,700.88,180,1585,112
196,701.28,181,1586,112
197,701.60,177,1587,112
194,701.99,179,1588,112
193,702.44,180,1589,112
195,702.93,182,1590,112
195,703.34,179,1591,112
193,704.00,181,1592,113
183,704.61,183,1593,113
179,705.07,180,1594,113
179,705.64,176,1595,113
179,706.20,175,1596,113
185,706.65,181,1597,113
189,707.08,183,1598,113
192,707.65,183,1599,113
195,708.05,182,1600,113
194,708.52,180,1601,113
193,708.97,182,1602,113
196,709.51,183,1603,113
196,710.08,182,1604,114
187,710.73,184,1605,114
181,711.21,184,1606,114
179,711.66,181,1607,114
177,712.21,177,1608,114
182,712.71,180,1609,114
186,712.95,183,1610,114
191,713.59,183,1611,114
191,714.39,183,1612,114
194,714.94,182,1613,114
195,715.44,183,1614,114
196,715.91,185,1615,114
196,716.47,183,1616,115
190,717.14,185,1617,115
182,717.77,185,1618,115
178,718.30,183,1619,115
179,718.72,178,1620,115
181,719.23,182,1621,115
186,719.66,183,1622,115
191,720.24,185,1623,115
194,720.66,186,1624,115
195,721.04,184,1625,115
193,721.63,184,1626,115
195,722.22,186,1627,115
197,722.89,185,1628,116
190,723.65,188,1629,116
182,724.16,186,1630,116
178,724.63,182,1631,116
180,725.07,179,1632,116
183,725.37,184,1633,116
186,725.99,186,1634,116
193,726.60,187,1635,116
197,727.26,186,1636,116
195,727.91,185,1637,116
195,728.43,187,1638,116
197,729.03,187,1639,117
195,729.60,189,1640,117
187,730.33,189,1641,117
181,730.76,187,1642,117
180,731.30,182,1643,117
181,731.77,183,1644,117
185,732.17,187,1645,117
191,732.52,188,1646,117
192,733.24,190,1647,117
197,733.87,187,1648,117
195,734.34,187,1649,117
195,734.72,188,1650,117
196,735.14,189,1651,118
196,735.63,188,1652,118
190,736.16,191,1653,118
184,736.60,192,1654,118
183,736.92,189,1655,118
180,737.46,186,1656,118
181,738.08,184,1657,118
185,738.50,188,1658,118
192,739.11,189,1659,118
194,739.84,191,1660,118
196,740.35,188,1661,118
195,740.91,189,1662,118
196,741.40,191,1663,118
197,741.86,190,1664,119
192,742.28,193,1665,119
188,742.89,190,1666,119
181,743.54,191,1667,119
182,744.08,185,1668,119
184,744.52,187,1669,119
187,745.01,191,1670,119
192,745.73,192,1671,119
195,746.35,193,1672,119
195,746.99,191,1673,119
196,747.49,193,1674,119
197,747.98,191,1675,120
195,748.56,194,1676,120
187,749.23,194,1677,120
183,749.89,190,1678,120
179,750.33,186,1679,120
181,750.86,188,1680,120
187,751.48,191,1681,120
192,752.17,194,1682,120
197,752.96,193,1683,120
195,753.61,191,1684,120
197,754.08,195,1685,121
196,754.69,193,1686,121
193,755.26,195,1687,121
185,755.92,195,1688,121
182,756.58,192,1689,121
181,757.25,188,1690,121
186,757.83,193,1691,121
191,758.51,195,1692,121
196,759.27,195,1693,121
194,759.74,193,1694,121
197,760.29,194,1695,122
197,760.80,195,1696,122
195,761.45,196,1697,122
185,762.22,196,1698,122
182,762.75,194,1699,122
181,763.41,189,1700,122
184,764.00,193,1701,122
189,764.64,195,1702,122
194,765.29,197,1703,122
196,765.81,195,1704,122
194,766.30,195,1705,122
197,766.79,198,1706,123
196,767.37,197,1707,123
192,767.89,199,1708,123
182,768.44,199,1709,123
182,768.96,196,1710,123
181,769.41,191,1711,123
183,769.81,193,1712,123
185,770.20,194,1713,123
189,770.74,196,1714,123
192,771.17,199,1715,123
196,771.71,199,1716,123
196,772.32,197,1717,123
194,772.87,198,1718,124
195,773.40,197,1719,124
194,774.05,199,1720,124
184,774.68,201,1721,124
183,775.25,198,1722,124
181,775.83,194,1723,124
185,776.17,193,1724,124
186,776.51,196,1725,124
188,776.90,198,1726,124
194,777.05,199,1727,124
194,777.57,200,1728,124
193,778.17,201,1729,124
194,778.69,199,1730,124
195,779.19,200,1731,125
196,779.55,201,1732,125
196,779.93,199,1733,125
196,780.43,201,1734,125
187,780.91,203,1735,125
181,781.36,199,1736,125
181,781.79,199,1737,125
181,782.31,194,1738,125
183,782.85,197,1739,125
189,783.35,201,1740,125
194,783.88,202,1741,125
196,784.48,203,1742,125
195,785.08,200,1743,125
194,785.57,202,1744,126
193,785.91,201,1745,126
194,786.37,201,1746,126
194,786.97,204,1747,126
184,787.65,204,1748,126
181,788.09,200,1749,126
182,788.62,196,1750,126
182,789.07,197,1751,126
186,789.30,201,1752,126
191,789.38,200,1753,126
192,789.78,201,1754,126
196,790.42,203,1755,126
195,791.03,202,1756,126
193,791.50,202,1757,126
194,791.93,203,1758,127
192,792.37,203,1759,127
193,792.84,201,1760,127
192,793.21,204,1761,127
182,793.69,206,1762,127
180,794.19,203,1763,127
180,794.63,202,1764,127
181,794.95,196,1765,127
183,795.28,199,1766,127
185,795.75,202,1767,127
192,796.19,203,1768,127
195,796.64,206,1769,127
196,797.25,205,1770,127
194,797.82,203,1771,127
195,798.30,204,1772,128
192,798.82,205,1773,128
192,799.33,203,1774,128
184,799.91,208,1775,128
180,800.42,205,1776,128
179,800.84,203,1777,128
181,801.28,198,1778,128
183,801.90,201,1779,128
187,802.35,205,1780,128
193,802.69,207,1781,128
193,803.32,208,1782,128
197,803.87,206,1783,128
192,804.41,205,1784,129
195,804.86,206,1785,129
194,805.38,206,1786,129
192,805.82,207,1787,129
185,806.32,211,1788,129
179,806.78,207,1789,129
179,807.12,206,1790,129
180,807.65,202,1791,129
182,808.13,201,1792,129
186,808.67,205,1793,129
189,809.19,207,1794,129
194,809.64,209,1795,129
197,810.13,207,1796,129
193,810.52,205,1797,129
193,810.87,207,1798,130
196,811.23,208,1799,130
193,811.72,208,1800,130
192,812.15,210,1801,130
184,812.63,211,1802,130
180,813.02,209,1803,130
177,813.30,207,1804,130
179,813.58,207,1805,130
180,814.06,203,1806,130
181,814.49,204,1807,130
185,814.97,208,1808,130
192,815.34,209,1809,130
195,815.87,210,1810,130
196,816.45,210,1811,130
194,816.93,209,1812,131
192,817.39,207,1813,131
193,817.85,210,1814,131
191,818.24,209,1815,131
192,818.73,211,1816,131
182,819.20,213,1817,131
180,819.74,210,1818,131
179,820.11,208,1819,131
180,820.52,204,1820,131
182,820.93,206,1821,131
185,821.36,210,1822,131
192,821.67,210,1823,131
194,821.98,212,1824,131
195,822.58,213,1825,131
197,823.23,210,1826,132
193,823.80,209,1827,132
193,824.27,211,1828,132
193,824.69,211,1829,132
191,825.21,213,1830,132
186,825.66,214,1831,132
180,826.15,212,1832,132
177,826.54,210,1833,132
179,826.97,206,1834,132
181,827.52,207,1835,132
186,827.92,212,1836,132
194,828.41,212,1837,132
195,828.95,215,1838,132
198,829.49,212,1839,133
192,830.05,211,1840,133
192,830.48,212,1841,133
195,830.91,211,1842,133
190,831.30,213,1843,133
188,831.65,216,1844,133
180,832.13,216,1845,133
177,832.52,213,1846,133
175,832.80,212,1847,133
179,833.21,207,1848,133
182,833.61,209,1849,133
183,833.88,212,1850,133
188,834.12,213,1851,133
190,834.74,214,1852,133
195,835.33,216,1853,133
196,835.87,214,1854,134
191,836.33,214,1855,134
190,836.82,214,1856,134
192,837.23,214,1857,134
191,837.63,214,1858,134
190,838.00,217,1859,134
180,838.21,220,1860,134
179,838.51,215,1861,134
177,838.88,215,1862,134
177,839.38,213,1863,134
181,839.90,210,1864,134
182,840.32,213,1865,134
191,840.66,215,1866,134
195,841.09,216,1867,134
195,841.69,217,1868,134
194,842.22,215,1869,135
192,842.74,216,1870,135
192,843.32,216,1871,135
191,843.71,216,1872,135
192,844.21,219,1873,135
183,844.54,219,1874,135
177,844.94,218,1875,135
175,845.45,216,1876,135
178,845.90,213,1877,135
182,846.34,212,1878,135
185,846.70,215,1879,135
190,846.96,216,1880,135
194,847.34,218,1881,135
195,847.75,219,1882,135
196,848.31,219,1883,136
189,848.78,216,1884,136
190,849.28,217,1885,136
192,849.74,217,1886,136
187,850.29,217,1887,136
187,850.73,222,1888,136
177,851.21,221,1889,136
173,851.70,218,1890,136
178,852.21,215,1891,136
183,852.72,212,1892,136
186,853.13,218,1893,136
191,853.62,219,1894,136
193,854.12,220,1895,136
197,854.73,220,1896,137
191,855.36,219,1897,137
193,855.87,220,1898,137
193,856.37,219,1899,137
189,856.95,221,1900,137
179,857.56,223,1901,137
174,857.83,220,1902,137
179,858.45,218,1903,137
183,858.97,214,1904,137
187,859.37,219,1905,137
193,859.85,220,1906,137
194,860.39,221,1907,137
196,860.98,221,1908,138
189,861.52,220,1909,138
191,862.03,220,1910,138
191,862.51,221,1911,138
188,862.93,221,1912,138
190,863.38,223,1913,138
179,863.69,224,1914,138
175,863.97,222,1915,138
174,864.16,222,1916,138
176,864.33,222,1917,138
177,864.73,217,1918,138
182,865.22,216,1919,138
183,865.56,219,1920,138
189,865.98,221,1921,138
193,866.40,223,1922,138
197,866.77,224,1923,138
197,867.23,225,1924,139
189,867.79,222,1925,139
191,868.26,222,1926,139
194,868.64,225,1927,139
192,869.07,223,1928,139
189,869.54,224,1929,139
185,870.03,227,1930,139
179,870.49,226,1931,139
176,870.79,223,1932,139
180,871.12,222,1933,139
185,871.73,218,1934,139
185,872.27,221,1935,139
194,872.55,222,1936,139
197,872.93,224,1937,139
196,873.47,226,1938,140
195,874.05,223,1939,140
187,874.60,223,1940,140
192,875.05,225,1941,140
190,875.45,226,1942,140
190,875.80,226,1943,140
190,876.12,227,1944,140
183,876.54,229,1945,140
182,876.94,227,1946,140
177,877.44,225,1947,140
180,877.84,223,1948,140
184,878.26,219,1949,140
185,878.58,223,1950,140
190,879.02,225,1951,140
195,879.58,227,1952,140
197,880.09,228,1953,141
193,880.59,224,1954,141
191,881.08,225,1955,141
193,881.59,227,1956,141
189,882.08,227,1957,141
190,882.62,229,1958,141
183,883.17,230,1959,141
177,883.83,227,1960,141
182,884.21,223,1961,141
185,884.66,221,1962,141
187,885.22,226,1963,141
194,885.69,227,1964,141
197,886.34,229,1965,142
193,887.06,228,1966,142
190,887.62,228,1967,142
192,888.10,230,1968,142
193,888.49,228,1969,142
190,888.97,231,1970,142
182,889.47,231,1971,142
177,889.81,230,1972,142
179,890.19,227,1973,142
182,890.61,223,1974,142
184,891.11,223,1975,142
190,891.49,229,1976,142
194,892.10,230,1977,142
194,892.76,231,1978,143
194,893.29,229,1979,143
192,893.77,228,1980,143
193,894.20,230,1981,143
191,894.72,231,1982,143
190,895.19,231,1983,143
187,895.67,234,1984,143
178,896.15,231,1985,143
177,896.66,229,1986,143
181,897.27,225,1987,143
185,897.78,227,1988,143
192,898.22,231,1989,143
193,898.70,233,1990,144
196,899.19,232,1991,144
194,899.73,231,1992,144
190,900.29,230,1993,144
192,900.66,232,1994,144
193,901.02,231,1995,144
189,901.54,232,1996,144
186,902.16,234,1997,144
174,902.79,233,1998,144
177,903.42,229,1999,144
182,903.98,227,2000,144
190,904.62,231,2001,144
194,905.17,233,2002,145
197,905.65,234,2003,145
194,906.19,233,2004,145
190,906.63,233,2005,145
194,907.13,234,2006,145
196,907.64,235,2007,145
190,908.21,233,2008,145
179,908.95,235,2009,145
173,909.56,234,2010,145
179,910.24,228,2011,145
184,910.79,230,2012,145
191,911.01,234,2013,145
198,911.25,233,2014,146
194,911.76,236,2015,146
196,912.44,235,2016,146
190,913.03,234,2017,146
192,913.47,234,2018,146
191,913.91,234,2019,146
186,914.43,234,2020,146
184,915.02,237,2021,146
177,915.64,238,2022,146
176,916.26,232,2023,146
182,916.67,230,2024,146
188,917.10,235,2025,146
188,917.65,236,2026,147
195,918.19,238,2027,147
194,918.78,237,2028,147
191,919.28,237,2029,147
194,919.75,235,2030,147
190,920.21,238,2031,147
187,920.59,237,2032,147
177,921.15,242,2033,147
174,921.72,239,2034,147
173,922.21,235,2035,147
178,922.66,230,2036,147
184,923.11,232,2037,147
186,923.64,236,2038,148
195,923.97,238,2039,148
197,924.43,240,2040,148
197,925.17,237,2041,148
191,925.84,237,2042,148
193,926.21,238,2043,148
190,926.66,238,2044,148
185,927.13,240,2045,148
178,927.64,242,2046,148
174,928.16,240,2047,148
175,928.74,235,2048,148
181,929.26,233,2049,148
187,929.69,238,2050,148
192,930.16,239,2051,149
196,930.62,242,2052,149
195,931.16,241,2053,149
191,931.69,239,2054,149
191,932.21,239,2055,149
194,932.64,242,2056,149
187,933.09,239,2057,149
183,933.61,244,2058,149
176,934.18,242,2059,149
172,934.71,240,2060,149
175,935.25,236,2061,149
180,935.76,235,2062,149
185,936.22,241,2063,150
192,936.72,243,2064,150
196,936.90,243,2065,150
198,937.00,242,2066,150
197,937.46,243,2067,150
193,938.15,242,2068,150
191,938.60,240,2069,150
193,939.02,242,2070,150
187,939.43,240,2071,150
185,939.95,245,2072,150
179,940.39,245,2073,150
173,941.04,243,2074,150
176,941.66,239,2075,150
180,942.09,238,2076,150
186,942.53,241,2077,151
189,943.02,244,2078,151
193,943.55,244,2079,151
194,944.18,243,2080,151
191,944.67,243,2081,151
192,945.11,243,2082,151
195,945.46,243,2083,151
190,945.77,242,2084,151
189,946.09,243,2085,151
180,946.43,247,2086,151
176,946.65,245,2087,151
175,946.88,246,2088,151
173,947.12,243,2089,151
172,947.45,241,2090,151
176,947.89,239,2091,151
182,948.35,239,2092,151
181,948.73,244,2093,151
185,949.14,245,2094,152
190,949.52,245,2095,152
190,949.96,247,2096,152
192,950.41,246,2097,152
190,950.73,246,2098,152
191,951.12,245,2099,152
192,951.38,245,2100,152
198,951.84,246,2101,152
194,952.18,245,2102,152
192,952.39,245,2103,152
188,952.65,248,2104,152
181,952.81,248,2105,152
178,952.97,247,2106,152
176,953.18,247,2107,152
173,953.36,245,2108,152
172,953.53,244,2109,152
172,953.70,243,2110,152
171,953.93,241,2111,152
176,954.12,239,2112,152
177,954.35,241,2113,152
180,954.51,241,2114,152
177,954.75,246,2115,152
182,955.05,246,2116,153
186,955.24,245,2117,153
188,955.40,247,2118,153
189,955.57,247,2119,153
191,955.77,247,2120,153
192,956.11,249,2121,153
194,956.49,248,2122,153
192,956.74,247,2123,153
191,956.94,247,2124,153
191,957.21,247,2125,153
194,957.54,247,2126,153
195,957.97,247,2127,153
196,958.30,246,2128,153
191,958.56,246,2129,153
190,958.85,248,2130,153
183,959.17,251,2131,153
179,959.46,249,2132,153
175,959.60,247,2133,153
172,959.80,246,2134,153
173,960.16,243,2135,153
176,960.44,242,2136,153
177,960.79,242,2137,153
180,961.14,246,2138,153
183,961.51,249,2139,154
188,961.97,249,2140,154
192,962.46,250,2141,154
196,962.98,250,2142,154
193,963.56,249,2143,154
194,963.93,247,2144,154
194,964.46,248,2145,154
194,964.95,248,2146,154
192,965.40,250,2147,154
181,965.81,252,2148,154
175,966.20,249,2149,154
173,966.57,247,2150,154
177,966.95,243,2151,154
180,967.43,244,2152,154
182,967.83,249,2153,155
188,968.23,252,2154,155
191,968.66,251,2155,155
191,969.01,251,2156,155
190,969.27,251,2157,155
191,969.54,252,2158,155
190,969.68,250,2159,155
190,969.69,253,2160,155
194,970.10,251,2161,155
196,970.59,250,2162,155
194,970.94,251,2163,155
191,971.37,249,2164,155
190,971.81,252,2165,155
184,972.10,253,2166,155
179,972.36,252,2167,155
176,972.62,251,2168,155
174,972.89,248,2169,155
175,973.26,246,2170,155
179,973.67,244,2171,155
181,974.07,250,2172,156
185,974.49,251,2173,156
190,974.90,254,2174,156
192,975.35,252,2175,156
195,975.78,253,2176,156
195,976.16,253,2177,156
195,976.57,253,2178,156
195,976.84,251,2179,156
196,977.29,251,2180,156
193,977.65,250,2181,156
194,977.93,253,2182,156
187,978.21,255,2183,156
181,978.56,256,2184,156
177,978.83,253,2185,156
173,979.04,251,2186,156
174,979.38,248,2187,156
178,979.89,246,2188,156
178,980.28,250,2189,157
185,980.65,254,2190,157
189,981.07,255,2191,157
191,981.51,254,2192,157
197,981.94,255,2193,157
195,982.48,256,2194,157
194,982.94,254,2195,157
197,983.40,254,2196,157
196,983.81,252,2197,157
192,984.20,253,2198,157
190,984.64,256,2199,157
180,985.12,257,2200,157
175,985.49,255,2201,157
175,985.88,252,2202,157
178,986.34,249,2203,157
179,986.81,251,2204,158
184,987.11,256,2205,158
187,987.36,256,2206,158
191,987.65,257,2207,158
193,988.05,256,2208,158
193,988.47,258,2209,158
193,988.91,257,2210,158
194,989.26,256,2211,158
196,989.53,257,2212,158
200,989.88,256,2213,158
197,990.48,255,2214,158
190,991.00,256,2215,158
181,991.41,259,2216,158
175,991.72,254,2217,158
174,992.06,253,2218,158
176,992.53,250,2219,158
178,992.99,253,2220,159
183,993.17,258,2221,159
186,993.16,258,2222,159
188,993.56,258,2223,159
191,994.22,258,2224,159
196,994.89,260,2225,159
197,995.51,257,2226,159
197,996.01,256,2227,159
198,996.55,255,2228,159
191,997.04,257,2229,159
189,997.39,259,2230,159
181,997.79,261,2231,159
177,998.17,257,2232,159
175,998.57,254,2233,159
176,998.95,251,2234,159
180,999.43,253,2235,160
183,999.75,258,2236,160
188,999.84,260,2237,160
190,1000.33,260,2238,160
194,1000.89,261,2239,160
196,1001.49,260,2240,160
196,1002.00,259,2241,160
197,1002.65,258,2242,160
196,1003.11,257,2243,160
193,1003.42,259,2244,160
186,1003.69,263,2245,160
182,1003.93,261,2246,160
178,1004.30,261,2247,160
173,1004.79,259,2248,160
177,1005.28,253,2249,160
179,1005.74,257,2250,161
182,1006.23,261,2251,161
189,1006.72,260,2252,161
194,1007.19,263,2253,161
196,1007.69,263,2254,161
196,1008.18,261,2255,161
195,1008.62,260,2256,161
199,1009.03,261,2257,161
191,1009.48,259,2258,161
191,1009.86,263,2259,161
185,1010.08,265,2260,161
180,1010.41,264,2261,161
175,1010.81,262,2262,161
173,1011.30,258,2263,161
178,1011.86,255,2264,162
182,1012.45,261,2265,162
187,1012.78,264,2266,162
191,1013.10,264,2267,162
195,1013.10,264,2268,162
198,1013.30,265,2269,162
198,1013.80,265,2270,162
197,1014.15,264,2271,162
195,1014.31,263,2272,162
197,1014.47,262,2273,162
198,1014.77,262,2274,162
201,1015.21,261,2275,162
194,1015.60,261,2276,162
191,1015.95,263,2277,162
190,1016.31,266,2278,162
178,1016.78,267,2279,162
174,1016.97,263,2280,162
172,1017.25,260,2281,162
177,1017.73,257,2282,162
179,1018.20,259,2283,163
182,1018.58,264,2284,163
188,1019.01,266,2285,163
191,1019.52,266,2286,163
195,1020.00,267,2287,163
195,1020.57,264,2288,163
194,1020.99,265,2289,163
196,1021.60,261,2290,163
193,1022.05,263,2291,163
193,1022.37,265,2292,163
187,1022.60,268,2293,163
184,1022.87,268,2294,163
177,1023.23,268,2295,163
173,1023.63,263,2296,163
